weight, Myy
1.0, 625.088137
1.0, 611.956241
1.0, 619.686040
1.0, 630.298232
1.0, 616.593901
1.0, 633.539532
1.0, 623.432669
1.0, 621.067070
1.0, 617.630277
1.0, 637.253835
1.0, 623.153371
1.0, 626.868350
1.0, 628.518082
1.0, 633.796964
1.0, 627.676535
1.0, 629.365787
1.0, 632.693307
1.0, 622.424039
1.0, 623.496044
1.0, 633.118208
1.0, 637.530659
1.0, 624.493452
1.0, 630.462278
1.0, 619.016084
1.0, 625.929261
1.0, 630.919343
1.0, 631.999908
1.0, 634.143893
1.0, 628.243478
1.0, 624.958278
1.0, 637.481916
1.0, 626.815612
1.0, 625.654195
1.0, 627.260324
1.0, 623.890180
1.0, 620.593224
1.0, 630.318322
1.0, 633.287392
1.0, 630.161039
1.0, 638.766351
1.0, 618.743887
1.0, 633.085213
1.0, 620.301929
1.0, 624.061793
1.0, 624.297710
1.0, 634.050708
1.0, 628.189829
1.0, 624.223532
1.0, 616.902870
1.0, 633.556975
1.0, 618.992719
1.0, 622.523334
1.0, 617.675059
1.0, 616.648698
1.0, 629.254760
1.0, 625.399540
1.0, 631.177003
1.0, 635.662896
1.0, 625.895968
1.0, 635.120187
1.0, 625.511088
1.0, 621.469626
1.0, 629.407718
1.0, 642.493078
1.0, 618.048438
1.0, 614.505984
1.0, 622.618733
1.0, 623.341869
1.0, 620.196624
1.0, 614.442130
1.0, 625.203548
1.0, 630.517954
1.0, 614.602151
1.0, 623.664303
1.0, 630.233233
1.0, 620.572644
1.0, 636.086804
1.0, 629.648703
1.0, 631.659936
1.0, 625.467639
1.0, 623.209211
1.0, 633.635677
1.0, 630.453453
1.0, 626.822162
1.0, 628.237533
1.0, 625.898205
1.0, 619.007156
1.0, 620.778294
1.0, 633.702370
1.0, 633.450938
1.0, 626.481990
1.0, 627.347221
1.0, 613.813064
1.0, 635.337367
1.0, 616.549017
1.0, 621.451124
1.0, 626.951864
1.0, 620.876097
1.0, 627.539156
1.0, 627.926433
1.0, 623.571642
1.0, 611.780713
1.0, 622.571718
1.0, 623.920212
1.0, 622.819649
1.0, 625.536802
1.0, 614.360232
1.0, 627.747283
1.0, 634.551009
1.0, 621.471017
1.0, 629.800308
1.0, 622.459353
1.0, 621.874483
1.0, 622.330262
1.0, 628.011407
1.0, 628.319065
1.0, 621.006881
1.0, 628.338966
1.0, 640.416367
1.0, 632.150973
1.0, 626.579816
1.0, 625.702989
1.0, 616.769759
1.0, 619.572651
1.0, 638.526939
1.0, 624.486037
1.0, 627.306767
1.0, 629.859930
1.0, 615.246547
1.0, 624.702475
1.0, 620.646649
1.0, 625.370055
1.0, 617.052959
1.0, 626.756400
1.0, 621.880483
1.0, 632.023412
1.0, 621.887736
1.0, 639.909364
1.0, 628.084865
1.0, 620.216293
1.0, 631.754018
1.0, 633.843995
1.0, 633.365464
1.0, 632.393595
1.0, 625.080691
1.0, 622.332208
1.0, 626.010744
1.0, 632.013173
1.0, 627.656009
1.0, 624.848662
1.0, 628.411762
1.0, 627.318754
1.0, 618.361914
1.0, 616.448373
1.0, 622.433422
1.0, 637.848873
1.0, 630.402540
1.0, 632.800078
1.0, 616.556328
1.0, 628.137526
1.0, 634.831487
1.0, 625.851600
1.0, 623.762271
1.0, 616.258418
1.0, 626.557298
1.0, 630.415218
1.0, 616.470776
1.0, 627.449879
1.0, 630.403800
1.0, 625.721614
1.0, 632.738869
1.0, 628.046154
1.0, 611.107818
1.0, 627.166879
1.0, 624.935095
1.0, 624.648996
1.0, 634.311432
1.0, 629.130137
1.0, 626.196291
1.0, 627.085963
1.0, 620.392889
1.0, 634.809597
1.0, 627.543770
1.0, 620.235138
1.0, 632.448457
1.0, 628.007681
1.0, 619.342048
1.0, 638.371598
1.0, 619.113835
1.0, 632.869436
1.0, 628.663465
1.0, 624.051866
1.0, 633.228677
1.0, 630.199715
1.0, 634.809370
1.0, 629.409319
1.0, 631.294021
1.0, 622.541167
1.0, 625.080859
1.0, 620.015623
1.0, 631.724376
1.0, 623.873924
1.0, 628.845166
1.0, 622.584213
1.0, 618.483784
1.0, 616.868577
1.0, 626.811410
1.0, 625.072362
1.0, 634.757048
1.0, 622.630138
1.0, 616.097601
1.0, 621.973448
1.0, 617.805469
1.0, 626.988140
1.0, 627.565695
1.0, 635.405267
1.0, 612.486343
1.0, 631.297492
1.0, 633.821592
1.0, 621.206472
1.0, 623.080792
1.0, 621.151552
1.0, 630.425899
1.0, 625.395603
1.0, 627.878451
1.0, 624.274301
1.0, 628.202845
1.0, 624.559763
1.0, 628.312955
1.0, 623.998458
1.0, 626.614563
1.0, 632.348090
1.0, 622.826061
1.0, 624.969704
1.0, 624.579825
1.0, 621.165429
1.0, 611.381066
1.0, 617.830841
1.0, 627.463130
1.0, 621.421525
1.0, 623.790464
1.0, 619.987310
1.0, 626.989989
1.0, 631.376010
1.0, 629.783490
1.0, 624.247123
1.0, 622.586627
1.0, 619.282892
1.0, 633.360275
1.0, 627.975217
1.0, 625.931008
1.0, 622.245821
1.0, 619.521722
1.0, 632.633533
1.0, 631.164094
1.0, 627.710568
1.0, 627.884599
1.0, 631.227104
1.0, 634.161206
1.0, 617.081622
1.0, 621.271529
1.0, 625.788374
1.0, 624.309835
1.0, 636.906814
1.0, 631.686418
1.0, 625.760351
1.0, 616.153631
1.0, 624.038860
1.0, 623.249914
1.0, 614.759116
1.0, 623.401520
1.0, 638.741544
1.0, 620.507833
1.0, 620.790901
1.0, 626.579299
1.0, 636.331263
1.0, 620.230036
1.0, 618.406162
1.0, 616.595003
1.0, 619.345243
1.0, 615.074652
1.0, 627.330001
1.0, 623.468340
1.0, 616.874751
1.0, 614.967907
1.0, 617.152322
1.0, 627.989833
1.0, 617.521873
1.0, 628.504625
1.0, 624.625489
1.0, 643.582254
1.0, 636.142226
1.0, 623.514833
1.0, 638.514349
1.0, 627.680389
1.0, 623.008672
1.0, 618.847721
1.0, 630.269364
1.0, 630.688000
1.0, 621.825027
1.0, 622.229762
1.0, 630.487891
1.0, 618.647949
1.0, 619.393597
1.0, 627.259082
1.0, 629.211081
1.0, 627.478586
1.0, 618.311521
1.0, 622.310876
1.0, 626.812799
1.0, 623.360555
1.0, 637.254141
1.0, 629.869381
1.0, 633.227625
1.0, 623.221820
1.0, 625.336535
1.0, 617.990812
1.0, 624.290044
1.0, 628.511285
1.0, 621.427969
1.0, 621.032390
1.0, 635.444892
1.0, 633.897903
1.0, 619.730794
1.0, 623.409915
1.0, 629.623208
1.0, 619.527992
1.0, 618.230570
1.0, 618.510668
1.0, 626.690228
1.0, 629.186726
1.0, 627.762932
1.0, 630.461863
1.0, 611.163656
1.0, 621.254854
1.0, 626.239467
1.0, 613.481309
1.0, 614.598109
1.0, 625.400955
1.0, 633.676661
1.0, 629.222228
1.0, 610.603774
1.0, 626.262488
1.0, 622.050532
1.0, 629.501634
1.0, 625.883669
1.0, 618.773288
1.0, 616.955121
1.0, 628.166295
1.0, 615.521273
1.0, 623.545471
1.0, 628.894048
1.0, 614.382720
1.0, 622.112836
1.0, 625.099392
1.0, 617.806917
1.0, 624.976300
1.0, 621.717234
1.0, 634.502671
1.0, 618.741914
1.0, 617.689402
1.0, 618.054366
1.0, 624.577817
1.0, 620.579035
1.0, 625.459928
1.0, 619.940244
1.0, 622.331864
1.0, 623.134999
1.0, 622.845384
1.0, 626.785977
1.0, 627.479892
1.0, 637.612866
1.0, 614.661224
1.0, 620.706923
1.0, 633.436081
1.0, 625.467619
1.0, 615.864498
1.0, 628.231965
1.0, 632.682862
1.0, 626.101596
1.0, 618.003040
1.0, 618.063228
1.0, 632.942675
1.0, 621.222728
1.0, 614.182524
1.0, 624.041253
1.0, 638.310300
1.0, 626.883658
1.0, 621.259683
1.0, 619.998344
1.0, 634.515067
1.0, 619.173901
1.0, 624.739047
1.0, 617.100373
1.0, 627.989941
1.0, 628.509706
1.0, 627.651629
1.0, 639.588317
1.0, 618.137834
1.0, 616.593943
1.0, 611.082983
1.0, 631.407844
1.0, 632.905174
1.0, 624.503146
1.0, 629.136612
1.0, 632.199909
1.0, 629.842373
1.0, 626.144516
1.0, 629.108652
1.0, 616.532635
1.0, 614.325952
1.0, 616.905986
1.0, 623.765714
1.0, 626.696920
1.0, 609.199380
1.0, 613.987494
1.0, 633.237008
1.0, 630.391920
1.0, 617.944425
1.0, 622.878082
1.0, 635.831312
1.0, 629.707235
1.0, 626.143795
1.0, 624.545851
1.0, 633.463520
1.0, 626.296153
1.0, 621.522470
1.0, 625.431154
1.0, 622.683852
1.0, 631.980794
1.0, 622.863536
1.0, 616.299663
1.0, 623.232951
1.0, 626.818145
1.0, 626.808291
1.0, 619.307007
1.0, 624.043064
1.0, 628.205050
1.0, 614.088950
1.0, 633.772952
1.0, 635.491414
1.0, 634.192080
1.0, 627.797843
1.0, 618.357746
1.0, 624.297503
1.0, 626.143159
1.0, 624.965369
1.0, 629.997510
1.0, 632.232588
1.0, 622.594183
1.0, 613.882362
1.0, 617.181174
1.0, 631.661624
1.0, 614.559311
1.0, 614.318740
1.0, 627.759883
1.0, 614.055641
1.0, 618.365323
1.0, 621.408437
1.0, 630.740549
1.0, 634.948719
1.0, 628.237110
1.0, 629.403773
1.0, 628.285964
1.0, 619.282274
1.0, 616.280955
1.0, 620.283909
1.0, 631.921705
1.0, 624.768483
1.0, 630.973809
1.0, 623.012017
1.0, 616.729853
1.0, 618.125647
1.0, 624.214269
1.0, 642.532538
1.0, 621.555624
1.0, 613.606094
1.0, 633.476045
1.0, 623.509953
1.0, 628.134320
1.0, 626.116795
1.0, 619.963854
1.0, 624.763222
1.0, 621.808565
1.0, 624.257369
1.0, 617.489083
1.0, 621.924377
1.0, 628.491729
1.0, 627.697526
1.0, 627.846141
1.0, 619.065237
1.0, 615.430980
1.0, 627.546276
1.0, 633.914509
1.0, 634.652210
1.0, 628.812846
1.0, 620.839763
1.0, 626.577544
1.0, 623.061090
1.0, 624.038677
1.0, 629.591564
1.0, 625.479122
1.0, 622.169550
1.0, 629.369120
1.0, 604.831694
1.0, 633.075375
1.0, 623.730654
1.0, 623.984408
1.0, 618.278708
1.0, 614.334595
1.0, 626.470812
1.0, 621.317583
1.0, 624.169261
1.0, 622.403871
1.0, 621.661729
1.0, 617.117363
1.0, 613.822679
1.0, 610.689253
1.0, 621.748447
1.0, 632.065371
1.0, 611.429002
1.0, 627.058905
1.0, 628.923666
1.0, 625.124805
1.0, 629.594949
1.0, 629.009389
1.0, 618.573456
1.0, 632.431926
1.0, 631.698608
1.0, 622.366620
1.0, 619.281617
1.0, 615.753867
1.0, 623.017036
1.0, 621.648234
1.0, 635.383040
1.0, 634.179429
1.0, 626.846664
1.0, 631.866814
1.0, 622.148891
1.0, 619.199785
1.0, 635.513737
1.0, 639.088226
1.0, 622.327962
1.0, 627.202359
1.0, 622.878695
1.0, 625.494399
1.0, 624.280252
1.0, 629.177892
1.0, 626.699301
1.0, 623.095184
1.0, 626.564691
1.0, 627.573190
1.0, 620.261909
1.0, 621.621490
1.0, 630.368843
1.0, 625.450707
1.0, 624.244704
1.0, 618.450826
1.0, 635.636687
1.0, 627.626823
1.0, 629.482914
1.0, 621.490942
1.0, 628.055210
1.0, 640.166960
1.0, 632.246091
1.0, 617.876676
1.0, 614.912626
1.0, 619.357099
1.0, 628.409955
1.0, 621.395002
1.0, 619.568534
1.0, 620.462662
1.0, 619.345969
1.0, 622.814835
1.0, 625.392618
1.0, 622.144273
1.0, 624.341158
1.0, 622.840967
1.0, 619.806915
1.0, 620.443456
1.0, 634.991769
1.0, 625.302818
1.0, 628.616222
1.0, 625.523415
1.0, 628.254651
1.0, 619.705774
1.0, 625.571288
1.0, 626.475689
1.0, 621.831216
1.0, 624.771506
1.0, 616.358268
1.0, 623.508992
1.0, 620.535947
1.0, 627.876792
1.0, 622.085317
1.0, 626.022959
1.0, 626.418372
1.0, 618.140362
1.0, 623.902318
1.0, 626.139597
1.0, 628.577475
1.0, 620.055246
1.0, 623.969456
1.0, 627.992823
1.0, 624.562879
1.0, 621.535020
1.0, 618.049712
1.0, 625.581795
1.0, 631.191691
1.0, 621.979779
1.0, 622.097806
1.0, 622.999509
1.0, 628.725982
1.0, 631.852226
1.0, 630.485198
1.0, 630.623884
1.0, 625.888664
1.0, 616.511464
1.0, 617.464897
1.0, 628.791365
1.0, 619.590781
1.0, 630.849779
1.0, 620.231495
1.0, 617.598190
1.0, 622.052420
1.0, 623.441642
1.0, 619.501899
1.0, 623.000342
1.0, 621.787956
1.0, 623.685190
1.0, 616.598392
1.0, 621.968866
1.0, 614.259089
1.0, 624.798376
1.0, 627.917978
1.0, 619.614252
1.0, 620.893230
1.0, 633.258261
1.0, 629.667033
1.0, 613.682449
1.0, 624.449203
1.0, 633.227889
1.0, 621.704469
1.0, 622.707903
1.0, 633.650601
1.0, 633.950165
1.0, 620.740314
1.0, 622.771335
1.0, 631.879062
1.0, 616.114519
1.0, 624.660418
1.0, 625.708788
1.0, 630.079694
1.0, 617.765597
1.0, 623.995439
1.0, 623.033347
1.0, 621.961602
1.0, 626.778548
1.0, 621.586722
1.0, 637.121230
1.0, 624.423650
1.0, 621.894470
1.0, 626.699409
1.0, 616.775503
1.0, 621.034231
1.0, 637.917874
1.0, 631.953221
1.0, 625.495911
1.0, 630.567319
1.0, 627.590346
1.0, 634.036728
1.0, 620.868116
1.0, 640.658217
1.0, 625.725058
1.0, 611.396263
1.0, 623.035612
1.0, 616.909654
1.0, 621.705238
1.0, 635.379344
1.0, 617.517649
1.0, 632.974313
1.0, 617.906413
1.0, 627.242065
1.0, 621.872544
1.0, 628.426598
1.0, 632.009270
1.0, 630.967180
1.0, 634.747611
1.0, 617.720220
1.0, 626.253568
1.0, 617.876485
1.0, 619.060069
1.0, 628.965169
1.0, 626.288827
1.0, 632.509945
1.0, 628.232692
1.0, 637.387054
1.0, 615.968103
1.0, 629.826929
1.0, 627.012380
1.0, 619.849249
1.0, 625.967661
1.0, 620.433605
1.0, 621.782423
1.0, 620.807773
1.0, 614.293308
1.0, 619.750148
1.0, 624.775395
1.0, 630.003370
1.0, 608.362705
1.0, 611.945723
1.0, 616.892629
1.0, 627.917114
1.0, 625.309284
1.0, 626.832184
1.0, 630.857950
1.0, 622.117011
1.0, 608.147798
1.0, 630.136647
1.0, 621.400152
1.0, 622.450963
1.0, 628.992132
1.0, 618.232843
1.0, 623.664511
1.0, 625.609949
1.0, 620.337759
1.0, 620.308320
1.0, 633.864374
1.0, 627.619461
1.0, 623.077719
1.0, 622.314458
1.0, 615.142834
1.0, 624.653786
1.0, 620.477933
1.0, 624.663704
1.0, 636.868278
1.0, 623.318755
1.0, 617.442253
1.0, 624.014910
1.0, 611.949658
1.0, 623.643675
1.0, 629.291973
1.0, 627.293013
1.0, 634.006345
1.0, 618.918774
1.0, 630.752158
1.0, 612.400732
1.0, 622.630026
1.0, 629.409456
1.0, 619.644039
1.0, 626.454358
1.0, 623.599407
1.0, 624.065278
1.0, 616.646612
1.0, 630.762621
1.0, 631.048338
1.0, 624.885755
1.0, 626.761584
1.0, 626.880331
1.0, 631.966908
1.0, 628.440490
1.0, 611.666898
1.0, 626.309766
1.0, 637.041245
1.0, 630.294393
1.0, 627.897802
1.0, 639.893505
1.0, 621.340575
1.0, 619.465593
1.0, 623.536074
1.0, 625.005053
1.0, 607.956132
1.0, 628.315092
1.0, 627.218441
1.0, 621.900514
1.0, 621.953568
1.0, 624.394410
1.0, 623.535699
1.0, 627.840818
1.0, 643.437920
1.0, 627.374266
1.0, 637.414533
1.0, 626.634420
1.0, 620.918264
1.0, 621.531565
1.0, 613.908239
1.0, 614.375037
1.0, 628.137944
1.0, 625.636993
1.0, 629.774054
1.0, 634.379790
1.0, 618.600266
1.0, 638.733804
1.0, 621.565146
1.0, 622.276552
1.0, 625.422828
1.0, 634.952855
1.0, 628.674594
1.0, 617.190452
1.0, 620.941931
1.0, 628.708944
1.0, 630.438040
1.0, 616.139538
1.0, 609.256096
1.0, 622.155308
1.0, 620.775970
1.0, 624.723575
1.0, 611.424026
1.0, 621.046259
1.0, 624.260822
1.0, 629.875715
1.0, 624.302255
1.0, 628.922359
1.0, 634.084655
1.0, 628.752586
1.0, 620.709734
1.0, 621.675486
1.0, 630.881954
1.0, 610.465768
1.0, 617.607908
1.0, 635.760336
1.0, 631.441395
1.0, 615.304000
1.0, 623.746042
1.0, 620.305753
1.0, 632.701132
1.0, 626.357705
1.0, 625.900841
1.0, 633.057657
1.0, 616.455799
1.0, 630.182202
1.0, 626.211892
1.0, 620.088917
1.0, 630.081905
1.0, 631.060893
1.0, 625.482833
1.0, 623.915492
1.0, 621.858561
1.0, 633.178496
1.0, 617.888991
1.0, 632.632199
1.0, 636.599618
1.0, 627.912087
1.0, 623.491311
1.0, 623.922828
1.0, 620.351980
1.0, 628.476989
1.0, 630.230675
1.0, 621.060929
1.0, 634.336944
1.0, 618.745361
1.0, 631.570576
1.0, 632.250080
1.0, 622.217607
1.0, 627.956828
1.0, 619.973253
1.0, 628.541851
1.0, 621.000541
1.0, 614.456528
1.0, 617.790792
1.0, 618.603037
1.0, 619.200963
1.0, 620.854428
1.0, 626.917332
1.0, 628.211170
1.0, 641.016195
1.0, 620.367349
1.0, 608.179951
1.0, 633.264212
1.0, 624.947362
1.0, 638.545332
1.0, 616.782884
1.0, 629.755616
1.0, 628.118866
1.0, 621.098453
1.0, 622.547802
1.0, 626.788430
1.0, 623.978121
1.0, 637.897495
1.0, 628.511218
1.0, 619.017929
1.0, 622.387170
1.0, 619.737339
1.0, 618.154192
1.0, 616.167408
1.0, 628.360014
1.0, 626.699769
1.0, 622.530796
1.0, 623.135360
1.0, 629.340891
1.0, 630.047805
1.0, 625.833035
1.0, 623.702815
1.0, 635.149912
1.0, 622.732410
1.0, 624.681992
1.0, 621.431645
1.0, 609.433637
1.0, 614.644555
1.0, 620.230176
1.0, 621.898885
1.0, 628.247448
1.0, 632.991360
1.0, 639.393146
1.0, 623.105036
1.0, 628.171283
1.0, 631.000594
1.0, 625.165544
1.0, 620.755464
1.0, 625.368159
1.0, 632.593731
1.0, 620.575548
1.0, 616.980414
1.0, 624.834191
1.0, 623.981884
1.0, 623.198459
1.0, 623.171351
1.0, 626.998915
1.0, 625.866751
1.0, 622.747065
1.0, 631.512474
1.0, 618.172731
1.0, 616.512908
1.0, 634.795397
1.0, 623.060055
1.0, 623.797842
1.0, 632.390092
1.0, 621.891555
1.0, 623.825668
1.0, 620.624471
1.0, 631.017109
1.0, 626.837204
1.0, 625.234152
1.0, 616.997487
1.0, 628.414232
1.0, 624.494479
1.0, 628.904732
1.0, 639.053881
1.0, 623.265096
1.0, 628.162397
1.0, 620.907189
1.0, 625.001836
1.0, 636.234362
1.0, 627.683101
1.0, 626.861245
1.0, 639.357867
1.0, 623.990903
1.0, 620.344146
1.0, 621.655658
1.0, 628.688533
1.0, 621.470801
1.0, 620.141170
1.0, 617.397397
1.0, 626.547683
1.0, 614.822591
1.0, 627.662172
1.0, 631.221369
1.0, 624.364963
1.0, 625.773381
1.0, 621.919796
1.0, 625.459516
1.0, 624.814060
1.0, 613.877194
1.0, 627.980250
1.0, 624.170554
1.0, 626.699691
1.0, 628.136862
1.0, 616.627184
1.0, 628.826915
1.0, 628.600111
1.0, 614.728262
1.0, 640.757212
1.0, 626.056956
1.0, 623.432573
1.0, 627.558347
1.0, 623.834719
1.0, 628.024875
1.0, 628.254101
1.0, 624.035830
1.0, 628.438787
1.0, 632.333088
1.0, 631.400359
1.0, 619.463377
1.0, 611.854709
1.0, 619.857419
1.0, 627.725035
1.0, 622.396588
1.0, 620.568154
1.0, 619.039959
1.0, 621.690383
1.0, 623.247430
1.0, 634.652607
1.0, 632.053429
1.0, 618.580333
1.0, 631.192732
1.0, 617.601653
1.0, 627.535467
1.0, 625.160758
1.0, 637.154542
1.0, 624.640386
1.0, 617.650168
1.0, 624.545328
1.0, 614.791787
1.0, 625.277555
1.0, 614.843798
1.0, 636.293961
1.0, 615.833516
1.0, 626.229842
1.0, 621.624882
1.0, 629.502142
1.0, 616.391761
1.0, 622.250170
1.0, 621.388095
1.0, 626.328602
1.0, 627.115617
1.0, 630.848888
1.0, 633.257637
1.0, 619.368154
1.0, 623.993561
1.0, 617.954641
1.0, 627.851979
1.0, 634.029923
1.0, 629.588396
1.0, 636.045877
1.0, 621.528539
1.0, 624.286240
1.0, 612.887828
1.0, 630.892740
1.0, 631.953077
1.0, 620.748034
1.0, 616.312028
1.0, 626.624904
1.0, 617.500509
1.0, 621.502899
1.0, 621.845901
1.0, 623.420264
1.0, 629.801361
1.0, 623.943021
1.0, 614.085464
1.0, 626.769163
1.0, 617.517012
1.0, 617.854239
1.0, 624.278475
1.0, 620.153886
1.0, 625.437947
1.0, 628.010625
1.0, 632.729758
1.0, 618.791445
1.0, 624.843480
1.0, 624.098587
1.0, 624.419389
1.0, 615.995225
1.0, 626.922551
1.0, 619.210092
1.0, 633.143129
1.0, 622.871326
1.0, 615.183756
1.0, 621.228744
1.0, 620.860417
1.0, 630.368165
1.0, 627.151455
1.0, 624.598882
1.0, 624.921213
1.0, 628.212627
1.0, 630.234276
1.0, 621.968914
1.0, 620.440553
1.0, 630.765216
1.0, 618.165714
1.0, 632.213931
1.0, 617.868941
1.0, 622.035334
1.0, 629.976861
1.0, 618.943176
1.0, 621.288972
1.0, 612.984646
1.0, 629.154498
1.0, 626.985566
1.0, 611.603656
1.0, 628.795466
1.0, 622.323441
1.0, 628.014726
1.0, 613.093034
1.0, 624.665830
1.0, 618.489106
1.0, 637.655033
1.0, 624.860699
1.0, 626.430855
1.0, 619.959845
1.0, 632.457183
1.0, 632.212550
1.0, 632.707886
1.0, 621.491069
1.0, 618.196016
1.0, 616.538665
1.0, 609.147783
1.0, 621.834028
1.0, 608.559294
1.0, 626.128323
1.0, 619.206124
1.0, 619.648552
1.0, 633.871278
1.0, 628.266370
1.0, 635.451828
1.0, 620.877011
1.0, 613.534803
1.0, 622.583167
1.0, 627.660138
1.0, 627.584167
1.0, 629.074058
1.0, 635.530346
1.0, 620.970866
1.0, 616.969273
1.0, 634.806405
1.0, 632.647643
1.0, 621.605137
1.0, 628.638011
1.0, 630.416021
1.0, 616.787826
1.0, 630.401842
1.0, 633.630918
1.0, 628.576212
1.0, 609.063103
1.0, 637.130826
1.0, 626.858828
1.0, 625.131246
1.0, 617.558759
1.0, 622.881878
1.0, 637.983745
1.0, 621.285011
1.0, 622.807005
1.0, 621.085876
1.0, 639.146646
1.0, 622.847447
1.0, 630.977390
1.0, 618.591335
1.0, 627.667138
1.0, 626.633355
1.0, 617.573286
1.0, 615.899460
1.0, 617.673966
1.0, 627.996663
1.0, 617.473645
1.0, 633.204077
1.0, 619.877212
1.0, 623.259948
1.0, 628.913828
1.0, 614.818868
1.0, 622.012272
1.0, 636.323964
1.0, 628.090812
1.0, 627.856459
1.0, 629.493626
1.0, 631.548267
1.0, 614.401672
1.0, 619.700194
1.0, 635.751949
1.0, 624.803635
1.0, 633.034869
1.0, 622.386080
1.0, 616.683362
1.0, 633.708599
1.0, 622.225852
1.0, 620.170214
1.0, 622.731867
1.0, 620.586778
1.0, 620.219554
1.0, 626.156686
1.0, 627.179951
1.0, 622.877112
1.0, 626.004427
1.0, 622.481529
1.0, 634.640717
1.0, 617.036392
1.0, 629.009073
1.0, 622.319815
1.0, 618.424816
1.0, 636.778701
1.0, 633.537971
1.0, 631.113536
1.0, 627.519025
1.0, 627.522449
1.0, 617.407054
1.0, 621.625407
1.0, 633.652958
1.0, 618.942468
1.0, 627.001012
1.0, 617.486316
1.0, 637.579315
1.0, 638.174987
1.0, 627.510935
1.0, 624.264471
1.0, 615.591726
1.0, 619.380407
1.0, 626.771779
1.0, 619.010045
1.0, 622.857136
1.0, 632.967082
1.0, 621.034433
1.0, 622.568040
1.0, 615.732949
1.0, 621.408745
1.0, 629.862100
1.0, 638.712075
1.0, 619.020487
1.0, 626.318262
1.0, 622.104538
1.0, 616.140754
1.0, 632.431623
1.0, 630.888246
1.0, 623.347224
1.0, 630.829958
1.0, 611.228152
1.0, 624.304074
1.0, 627.955440
1.0, 634.811980
1.0, 625.519635
1.0, 632.906310
1.0, 633.145213
1.0, 625.410303
1.0, 623.849255
1.0, 624.613645
1.0, 615.698342
1.0, 624.750502
1.0, 625.165102
1.0, 624.713845
1.0, 632.462006
1.0, 631.568021
1.0, 631.681953
1.0, 619.487586
1.0, 623.753456
1.0, 633.171759
1.0, 616.252377
1.0, 634.959596
1.0, 620.333442
1.0, 623.650873
1.0, 620.442872
1.0, 630.178525
1.0, 616.209309
1.0, 623.145460
1.0, 624.628133
1.0, 624.801037
1.0, 627.622843
1.0, 613.756325
1.0, 621.995518
1.0, 621.978674
1.0, 627.407259
1.0, 624.936576
1.0, 623.901150
1.0, 618.939717
1.0, 625.644995
1.0, 617.251369
1.0, 617.473651
1.0, 634.864224
1.0, 631.110495
1.0, 624.706905
1.0, 611.119358
1.0, 623.753932
1.0, 623.102810
1.0, 619.663038
1.0, 642.808050
1.0, 629.874893
1.0, 643.412028
1.0, 629.806313
1.0, 627.152134
1.0, 628.094755
1.0, 616.786421
1.0, 634.160593
1.0, 622.634607
1.0, 633.290886
1.0, 630.621125
1.0, 637.811316
1.0, 633.012818
1.0, 613.030034
1.0, 623.747695
1.0, 628.689618
1.0, 631.233318
1.0, 621.400424
1.0, 625.460343
1.0, 621.081302
1.0, 634.908632
1.0, 619.639668
1.0, 639.236799
1.0, 635.786440
1.0, 618.669289
1.0, 614.888883
1.0, 623.257043
1.0, 621.203791
1.0, 613.440414
1.0, 627.428043
1.0, 634.932099
1.0, 631.939925
1.0, 627.318741
1.0, 624.070048
1.0, 626.521027
1.0, 624.076072
1.0, 624.201392
1.0, 627.252190
1.0, 627.481451
1.0, 623.816324
1.0, 621.708462
1.0, 629.214475
1.0, 624.016753
1.0, 608.416172
1.0, 615.412747
1.0, 635.333211
1.0, 620.184185
1.0, 629.920619
1.0, 610.734433
1.0, 628.472162
1.0, 634.883724
1.0, 629.913362
1.0, 614.958073
1.0, 630.467401
1.0, 637.598060
1.0, 632.719673
1.0, 619.351830
1.0, 623.607093
1.0, 627.464268
1.0, 624.454831
1.0, 621.479305
1.0, 624.245140
1.0, 612.043628
1.0, 621.814237
1.0, 612.457004
1.0, 623.675613
1.0, 634.784531
1.0, 616.476815
1.0, 624.855644
1.0, 632.203001
1.0, 625.605048
1.0, 615.311866
1.0, 618.506227
1.0, 614.421252
1.0, 632.030514
1.0, 632.279362
1.0, 615.068181
1.0, 619.841166
1.0, 632.879812
1.0, 624.650574
1.0, 624.420523
1.0, 619.025909
1.0, 624.327079
1.0, 634.313988
1.0, 613.488897
1.0, 624.424703
1.0, 623.723656
1.0, 622.385807
1.0, 619.978337
1.0, 631.289949
1.0, 634.835368
1.0, 633.690362
1.0, 631.182671
1.0, 618.791932
1.0, 616.711735
1.0, 635.802955
1.0, 626.836307
1.0, 616.922070
1.0, 621.742104
1.0, 617.949113
1.0, 624.442809
1.0, 630.548309
1.0, 617.806597
1.0, 626.947754
1.0, 620.712959
1.0, 627.885048
1.0, 625.294308
1.0, 623.290282
1.0, 621.751423
1.0, 617.353506
1.0, 621.720208
1.0, 627.088385
1.0, 622.138500
1.0, 626.259295
1.0, 610.947669
1.0, 640.907687
1.0, 637.523745
1.0, 628.461357
1.0, 625.181317
1.0, 621.363879
1.0, 619.201798
1.0, 622.509622
1.0, 631.665425
1.0, 610.609038
1.0, 630.910306
1.0, 628.951918
1.0, 618.470479
1.0, 625.642448
1.0, 626.368922
1.0, 618.441754
1.0, 620.323854
1.0, 636.293094
1.0, 624.162087
1.0, 623.306776
1.0, 624.885375
1.0, 630.707543
1.0, 632.877380
1.0, 622.483689
1.0, 627.689916
1.0, 625.978378
1.0, 630.522657
1.0, 619.301282
1.0, 630.028375
1.0, 629.310493
1.0, 620.583049
1.0, 625.432678
1.0, 632.531497
1.0, 631.928331
1.0, 629.778218
1.0, 623.439238
1.0, 630.404823
1.0, 615.807644
1.0, 626.859411
1.0, 627.964914
1.0, 626.870609
1.0, 634.503380
1.0, 627.046991
1.0, 621.906762
1.0, 634.241315
1.0, 637.552555
1.0, 629.268496
1.0, 625.009963
1.0, 634.966945
1.0, 622.609208
1.0, 623.835061
1.0, 627.260792
1.0, 632.758783
1.0, 632.494520
1.0, 623.802694
1.0, 623.900571
1.0, 624.822722
1.0, 617.805765
1.0, 615.071822
1.0, 628.324552
1.0, 629.848123
1.0, 616.943580
1.0, 619.515831
1.0, 635.421254
1.0, 624.239118
1.0, 630.925184
1.0, 624.787916
1.0, 623.707298
1.0, 622.604871
1.0, 613.408958
1.0, 634.405243
1.0, 618.078415
1.0, 618.685694
1.0, 635.010095
1.0, 627.534246
1.0, 624.346031
1.0, 631.472355
1.0, 625.517707
1.0, 618.114843
1.0, 613.949091
1.0, 628.948815
1.0, 621.455159
1.0, 628.275788
1.0, 621.864631
1.0, 628.034269
1.0, 619.288120
1.0, 626.387641
1.0, 626.666093
1.0, 620.074763
1.0, 636.907193
1.0, 620.133086
1.0, 618.014429
1.0, 616.112156
1.0, 618.837656
1.0, 625.566972
1.0, 623.596697
1.0, 619.446093
1.0, 630.454796
1.0, 630.536950
1.0, 624.100169
1.0, 624.631848
1.0, 620.883318
1.0, 635.194973
1.0, 620.470142
1.0, 630.703630
1.0, 628.945540
1.0, 630.045436
1.0, 630.142990
1.0, 628.442127
1.0, 617.031322
1.0, 624.047166
1.0, 624.051588
1.0, 615.760281
1.0, 627.632064
1.0, 621.398875
1.0, 626.353774
1.0, 624.901496
1.0, 609.631848
1.0, 628.093247
1.0, 623.045664
1.0, 639.340038
1.0, 621.435726
1.0, 626.954981
1.0, 622.511725
1.0, 625.395973
1.0, 629.467260
1.0, 626.392560
1.0, 629.243198
1.0, 620.606632
1.0, 630.259458
1.0, 618.024463
1.0, 621.013124
1.0, 631.355589
1.0, 625.267339
1.0, 626.363609
1.0, 629.902986
1.0, 628.467604
1.0, 623.556052
1.0, 628.721031
1.0, 622.023914
1.0, 629.597692
1.0, 626.533302
1.0, 622.927670
1.0, 624.252889
1.0, 632.391946
1.0, 608.371911
1.0, 621.567700
1.0, 635.754507
1.0, 625.966115
1.0, 626.044056
1.0, 618.237028
1.0, 623.018178
1.0, 616.889460
1.0, 634.685535
1.0, 624.075332
1.0, 623.705353
1.0, 618.777588
1.0, 619.904995
1.0, 628.346199
1.0, 622.971737
1.0, 620.587888
1.0, 631.686311
1.0, 607.146366
1.0, 628.563612
1.0, 625.893027
1.0, 619.511438
1.0, 629.838847
1.0, 633.474405
1.0, 628.676794
1.0, 618.354084
1.0, 619.784559
1.0, 622.463245
1.0, 618.696575
1.0, 620.585543
1.0, 621.662377
1.0, 618.051315
1.0, 624.330884
1.0, 609.605993
1.0, 623.228596
1.0, 614.660346
1.0, 626.719716
1.0, 631.093010
1.0, 623.871691
1.0, 625.475277
1.0, 630.719006
1.0, 626.103376
1.0, 618.221837
1.0, 627.861817
1.0, 619.671033
1.0, 615.204640
1.0, 619.046286
1.0, 626.327113
1.0, 620.252953
1.0, 616.407733
1.0, 626.023693
1.0, 628.608529
1.0, 630.921578
1.0, 626.612441
1.0, 631.367872
1.0, 620.723946
1.0, 631.743778
1.0, 630.331021
1.0, 632.030054
1.0, 624.341530
1.0, 624.063578
1.0, 620.314473
1.0, 626.651533
1.0, 619.325115
1.0, 624.465001
1.0, 632.963949
1.0, 628.877574
1.0, 638.633113
1.0, 626.666057
1.0, 630.049408
1.0, 638.112573
1.0, 618.195947
1.0, 620.998008
1.0, 625.748221
1.0, 623.335656
1.0, 619.734293
1.0, 637.693300
1.0, 628.059440
1.0, 628.296127
1.0, 627.906627
1.0, 631.750563
1.0, 631.282621
1.0, 622.193594
1.0, 623.613853
1.0, 626.172814
1.0, 622.104720
1.0, 623.518145
1.0, 625.394164
1.0, 623.721340
1.0, 617.262082
1.0, 619.036527
1.0, 622.167897
1.0, 619.343208
1.0, 610.989395
1.0, 637.653531
1.0, 620.777209
1.0, 622.624908
1.0, 628.702483
1.0, 633.757249
1.0, 625.013330
1.0, 631.012477
1.0, 634.872533
1.0, 625.618028
1.0, 626.805832
1.0, 620.081090
1.0, 618.323311
1.0, 641.402115
1.0, 634.460322
1.0, 625.071876
1.0, 626.232648
1.0, 623.118774
1.0, 626.942013
1.0, 613.657416
1.0, 631.270120
1.0, 630.495157
1.0, 616.496091
1.0, 631.827140
1.0, 624.818636
1.0, 624.478760
1.0, 625.113555
1.0, 629.379216
1.0, 640.446632
1.0, 627.646096
1.0, 627.968390
1.0, 614.363850
1.0, 631.511314
1.0, 618.078602
1.0, 622.787900
1.0, 630.674795
1.0, 620.171584
1.0, 627.626418
1.0, 636.083885
1.0, 627.237334
1.0, 632.812747
1.0, 625.606565
1.0, 633.472994
1.0, 621.856125
1.0, 620.138611
1.0, 621.319239
1.0, 623.101299
1.0, 633.451499
1.0, 630.600199
1.0, 631.091961
1.0, 630.826156
1.0, 632.401797
1.0, 637.640575
1.0, 627.421310
1.0, 621.812386
1.0, 628.972307
1.0, 631.474094
1.0, 626.054452
1.0, 626.560529
1.0, 622.470519
1.0, 633.332277
1.0, 620.422440
1.0, 624.782001
1.0, 621.894357
1.0, 623.318209
1.0, 621.275483
1.0, 621.749720
1.0, 631.497783
1.0, 624.649101
1.0, 621.472358
1.0, 634.174829
1.0, 622.769187
1.0, 608.154161
1.0, 624.692486
1.0, 630.223034
1.0, 627.997764
1.0, 618.135531
1.0, 628.624597
1.0, 632.765884
1.0, 631.787712
1.0, 621.297524
1.0, 624.622090
1.0, 632.627574
1.0, 627.243627
1.0, 627.005341
1.0, 614.997904
1.0, 633.775910
1.0, 613.051713
1.0, 625.215553
1.0, 615.464745
1.0, 633.043705
1.0, 618.263433
1.0, 619.169153
1.0, 629.436494
1.0, 620.082407
1.0, 623.958672
1.0, 631.553090
1.0, 633.869114
1.0, 627.796950
1.0, 612.833692
1.0, 625.194090
1.0, 630.051223
1.0, 619.463305
1.0, 614.987025
1.0, 631.622896
1.0, 620.659257
1.0, 639.793356
1.0, 614.394241
1.0, 624.607906
1.0, 613.605790
1.0, 619.097641
1.0, 632.225473
1.0, 635.597808
1.0, 612.248945
1.0, 618.504577
1.0, 628.212523
1.0, 623.111785
1.0, 621.328475
1.0, 625.661817
1.0, 628.363328
1.0, 620.825277
1.0, 629.964276
1.0, 630.244270
1.0, 625.770909
1.0, 631.274898
1.0, 630.004892
1.0, 635.468140
1.0, 619.981075
1.0, 615.717139
1.0, 623.913525
1.0, 634.340242
1.0, 629.627206
1.0, 622.642426
1.0, 623.527771
1.0, 626.266792
1.0, 627.830215
1.0, 632.833901
1.0, 629.798815
1.0, 624.646355
1.0, 633.911709
1.0, 610.772792
1.0, 621.976976
1.0, 627.001706
1.0, 628.658290
1.0, 620.041768
1.0, 622.125954
1.0, 625.574152
1.0, 623.649734
1.0, 626.106936
1.0, 634.469736
1.0, 630.727883
1.0, 617.058663
1.0, 623.544284
1.0, 619.544279
1.0, 628.902722
1.0, 624.317318
1.0, 632.137659
1.0, 622.328802
1.0, 638.537338
1.0, 626.520775
1.0, 633.131510
1.0, 626.419195
1.0, 630.041985
1.0, 619.118582
1.0, 627.562695
1.0, 624.977215
1.0, 639.175104
1.0, 617.221022
1.0, 614.898592
1.0, 613.084306
1.0, 624.992835
1.0, 624.232561
1.0, 622.104436
1.0, 621.668463
1.0, 630.347620
1.0, 626.735485
1.0, 620.444074
1.0, 624.772402
1.0, 627.970331
1.0, 622.972916
1.0, 626.482117
1.0, 622.106424
1.0, 623.359583
1.0, 627.920008
1.0, 629.105875
1.0, 614.780078
1.0, 608.953710
1.0, 632.493370
1.0, 617.368444
1.0, 629.188690
1.0, 630.083415
1.0, 623.909866
1.0, 628.656581
1.0, 627.427987
1.0, 622.482408
1.0, 632.353661
1.0, 621.063830
1.0, 619.556343
1.0, 613.556044
1.0, 620.995314
1.0, 636.974727
1.0, 620.650201
1.0, 619.301152
1.0, 625.757417
1.0, 622.195879
1.0, 621.087348
1.0, 636.059495
1.0, 622.852816
1.0, 628.188535
1.0, 630.503188
1.0, 622.734781
1.0, 624.610981
1.0, 628.136075
1.0, 616.855185
1.0, 633.635047
1.0, 621.267147
1.0, 623.412821
1.0, 622.485018
1.0, 633.537130
1.0, 622.420095
1.0, 618.377685
1.0, 632.820174
1.0, 622.090418
1.0, 618.384433
1.0, 633.217279
1.0, 622.741163
1.0, 632.633160
1.0, 629.931091
1.0, 636.712113
1.0, 626.327550
1.0, 634.428627
1.0, 629.127111
1.0, 630.386010
1.0, 631.147946
1.0, 632.550935
1.0, 619.005437
1.0, 625.521233
1.0, 632.353657
1.0, 626.784608
1.0, 633.380098
1.0, 635.926064
1.0, 622.568241
1.0, 622.265445
1.0, 621.354236
1.0, 631.061051
1.0, 617.899352
1.0, 624.479592
1.0, 620.935415
1.0, 637.137298
1.0, 626.528659
1.0, 618.481334
1.0, 639.790638
1.0, 624.437615
1.0, 637.649260
1.0, 622.482989
1.0, 624.791124
1.0, 622.652314
1.0, 621.196180
1.0, 624.601445
1.0, 615.131266
1.0, 627.881989
1.0, 618.562701
1.0, 635.655730
1.0, 622.774106
1.0, 614.996271
1.0, 625.446016
1.0, 621.126179
1.0, 627.634775
1.0, 632.898155
1.0, 615.895051
1.0, 633.566109
1.0, 624.239085
1.0, 612.715158
1.0, 627.844575
1.0, 623.149982
1.0, 628.020084
1.0, 626.315087
1.0, 634.198070
1.0, 629.706832
1.0, 611.413607
1.0, 623.430703
1.0, 619.384319
1.0, 625.841807
1.0, 629.365733
1.0, 625.517452
1.0, 626.457858
1.0, 624.492018
1.0, 622.440914
1.0, 629.627000
1.0, 624.621196
1.0, 625.329861
1.0, 614.989482
1.0, 631.096655
1.0, 623.850730
1.0, 627.755404
1.0, 616.718414
1.0, 622.899002
1.0, 617.687623
1.0, 619.133797
1.0, 629.200530
1.0, 619.964415
1.0, 623.456064
1.0, 621.272983
1.0, 630.051979
1.0, 624.935182
1.0, 623.693932
1.0, 630.159494
1.0, 632.430921
1.0, 620.577592
1.0, 633.078995
1.0, 621.887324
1.0, 620.617313
1.0, 622.740837
1.0, 613.447147
1.0, 623.840594
1.0, 622.199108
1.0, 618.620385
1.0, 626.514421
1.0, 632.825200
1.0, 627.003948
1.0, 631.371269
1.0, 613.433561
1.0, 623.335965
1.0, 613.932588
1.0, 622.274086
1.0, 630.577970
1.0, 634.476673
1.0, 627.139318
1.0, 633.967892
1.0, 627.497325
1.0, 634.836942
1.0, 624.515714
1.0, 621.657487
1.0, 621.709456
1.0, 625.035346
1.0, 623.333917
1.0, 628.498328
1.0, 616.816795
1.0, 633.517200
1.0, 616.280548
1.0, 636.256488
1.0, 613.765284
1.0, 628.630465
1.0, 618.140635
1.0, 630.309605
1.0, 629.313179
1.0, 625.700588
1.0, 624.055299
1.0, 622.374664
1.0, 615.841261
1.0, 622.689779
1.0, 635.040559
1.0, 622.779100
1.0, 615.570847
1.0, 619.309880
1.0, 619.830170
1.0, 621.910319
1.0, 626.630594
1.0, 629.930247
1.0, 623.577550
1.0, 626.652295
1.0, 628.227274
1.0, 625.437011
1.0, 613.267934
1.0, 624.718532
1.0, 628.014479
1.0, 637.863911
1.0, 619.462479
1.0, 627.752958
1.0, 619.914737
1.0, 620.912913
1.0, 622.670579
1.0, 628.893559
1.0, 620.859623
1.0, 627.831253
1.0, 628.795083
1.0, 622.256940
1.0, 620.442060
1.0, 625.692200
1.0, 626.087807
1.0, 619.249695
1.0, 636.114509
1.0, 627.015664
1.0, 624.577502
1.0, 628.288548
1.0, 616.665689
1.0, 625.534664
1.0, 629.417684
1.0, 629.148106
1.0, 621.182537
1.0, 626.775624
1.0, 625.028370
1.0, 628.150238
1.0, 622.944644
1.0, 622.473130
1.0, 623.890923
1.0, 625.830308
1.0, 630.715107
1.0, 625.172859
1.0, 614.437207
1.0, 627.923489
1.0, 627.650684
1.0, 624.115095
1.0, 616.273421
1.0, 626.271835
1.0, 627.521321
1.0, 628.563318
1.0, 624.498705
1.0, 624.253144
1.0, 621.893217
1.0, 627.320296
1.0, 629.541568
1.0, 620.503956
1.0, 620.178030
1.0, 628.644442
1.0, 622.009881
1.0, 627.042143
1.0, 622.734771
1.0, 630.640161
1.0, 624.258576
1.0, 619.335775
1.0, 618.954623
1.0, 622.723793
1.0, 623.141871
1.0, 627.292800
1.0, 620.292148
1.0, 618.176457
1.0, 618.167764
1.0, 626.601436
1.0, 622.343105
1.0, 622.424785
1.0, 632.590687
1.0, 618.994391
1.0, 621.520935
1.0, 624.874443
1.0, 624.601768
1.0, 614.165709
1.0, 632.161470
1.0, 626.100578
1.0, 615.684845
1.0, 619.171908
1.0, 631.624757
1.0, 625.860290
1.0, 630.104127
1.0, 620.255436
1.0, 628.948592
1.0, 629.052415
1.0, 614.074023
1.0, 621.969793
1.0, 631.083815
1.0, 631.437934
1.0, 626.956564
1.0, 614.021612
1.0, 627.594025
1.0, 635.256627
1.0, 634.212978
1.0, 626.065053
1.0, 631.449084
1.0, 627.186548
1.0, 635.945501
1.0, 619.321533
1.0, 627.980219
1.0, 626.627417
1.0, 628.299303
1.0, 619.069711
1.0, 629.762898
1.0, 636.911380
1.0, 620.445113
1.0, 626.708757
1.0, 631.315801
1.0, 623.175739
1.0, 630.684585
1.0, 629.414755
1.0, 620.753829
1.0, 628.214397
1.0, 620.035015
1.0, 621.650923
1.0, 622.236900
1.0, 639.184449
1.0, 629.042887
1.0, 618.067317
1.0, 617.542134
1.0, 621.783455
1.0, 616.040020
1.0, 620.331964
1.0, 630.984194
1.0, 613.464576
1.0, 614.677434
1.0, 632.332660
1.0, 620.816746
1.0, 634.312182
1.0, 620.018849
1.0, 618.251171
1.0, 613.947639
1.0, 622.582715
1.0, 622.439666
1.0, 620.872448
1.0, 625.658379
1.0, 616.508929
1.0, 625.698127
1.0, 632.401649
1.0, 624.976005
1.0, 623.568238
1.0, 626.988207
1.0, 622.501175
1.0, 628.797448
1.0, 627.065604
1.0, 622.622411
1.0, 622.459843
1.0, 622.438856
1.0, 621.728056
1.0, 622.611269
1.0, 625.793117
1.0, 622.090458
1.0, 618.039020
1.0, 627.272477
1.0, 619.589055
1.0, 624.866755
1.0, 620.391896
1.0, 621.659461
1.0, 617.452941
1.0, 628.814819
1.0, 617.996431
1.0, 633.331370
1.0, 619.678965
1.0, 635.995811
1.0, 631.998453
1.0, 625.533340
1.0, 628.454442
1.0, 629.988532
1.0, 627.504790
1.0, 628.988903
1.0, 624.878639
1.0, 630.544458
1.0, 625.433512
1.0, 627.227778
1.0, 626.489213
1.0, 628.726331
1.0, 624.580630
1.0, 615.421767
1.0, 612.604170
1.0, 618.114398
1.0, 632.701212
1.0, 633.446919
1.0, 631.680015
1.0, 615.171165
1.0, 619.532680
1.0, 623.067507
1.0, 617.284126
1.0, 631.115080
1.0, 629.761410
1.0, 624.938480
1.0, 621.753399
1.0, 631.957052
1.0, 621.122013
1.0, 625.971750
1.0, 619.993900
1.0, 613.967178
1.0, 623.894079
1.0, 616.922562
1.0, 622.683673
1.0, 614.762707
1.0, 639.150040
1.0, 637.722910
1.0, 627.978075
1.0, 624.591035
1.0, 628.898062
1.0, 618.542228
1.0, 624.594614
1.0, 624.548069
1.0, 631.023199
1.0, 627.979721
1.0, 633.029577
1.0, 624.219427
1.0, 619.716192
1.0, 620.546624
1.0, 630.877581
1.0, 620.647710
1.0, 633.119599
1.0, 626.255469
1.0, 623.466322
1.0, 627.577578
1.0, 626.829769
1.0, 618.912704
1.0, 622.794139
1.0, 628.262927
1.0, 630.548315
1.0, 623.055366
1.0, 615.336969
1.0, 613.114539
1.0, 637.013914
1.0, 618.963998
1.0, 630.242233
1.0, 627.729348
1.0, 621.362508
1.0, 617.246032
1.0, 617.044690
1.0, 621.991718
1.0, 622.630154
1.0, 619.639431
1.0, 637.375580
1.0, 619.838941
1.0, 624.737935
1.0, 622.528163
1.0, 629.075130
1.0, 620.193103
1.0, 614.763992
1.0, 628.156731
1.0, 628.773151
1.0, 634.915244
1.0, 616.866724
1.0, 626.939190
1.0, 606.562175
1.0, 620.247676
1.0, 626.010921
1.0, 624.704629
1.0, 612.994140
1.0, 632.295832
1.0, 615.680134
1.0, 625.668876
1.0, 623.720774
1.0, 633.871154
1.0, 624.297137
1.0, 628.152881
1.0, 628.615390
1.0, 626.396750
1.0, 622.017641
1.0, 631.547049
1.0, 623.071427
1.0, 631.696114
1.0, 623.552885
1.0, 616.760216
1.0, 616.970078
1.0, 610.498770
1.0, 627.108010
1.0, 628.875817
1.0, 628.441850
1.0, 633.225108
1.0, 625.806412
1.0, 624.256880
1.0, 620.525365
1.0, 623.124601
1.0, 624.474937
1.0, 631.285958
1.0, 631.146954
1.0, 621.650449
1.0, 625.531609
1.0, 614.651808
1.0, 610.389448
1.0, 623.666298
1.0, 620.745964
1.0, 629.515563
1.0, 628.947356
1.0, 622.817703
1.0, 634.892133
1.0, 635.223650
1.0, 626.883237
1.0, 629.025117
1.0, 623.893024
1.0, 628.867506
1.0, 629.067931
1.0, 633.209234
1.0, 619.817668
1.0, 621.267392
1.0, 631.498502
1.0, 633.046742
1.0, 641.324117
1.0, 618.942607
1.0, 629.831987
1.0, 619.308648
1.0, 647.096125
1.0, 622.892518
1.0, 624.538250
1.0, 627.730344
1.0, 619.092615
1.0, 635.884821
1.0, 621.191602
1.0, 627.310844
1.0, 624.514527
1.0, 638.351656
1.0, 630.453525
1.0, 631.451917
1.0, 614.274811
1.0, 622.648052
1.0, 622.769416
1.0, 628.297294
1.0, 623.941402
1.0, 633.428268
1.0, 616.715113
1.0, 631.328655
1.0, 619.406577
1.0, 621.349419
1.0, 631.194061
1.0, 628.754593
1.0, 626.502473
1.0, 627.766694
1.0, 615.596140
1.0, 620.425403
1.0, 620.121945
1.0, 622.685834
1.0, 621.797232
1.0, 618.443028
1.0, 629.033491
1.0, 627.814630
1.0, 624.975364
1.0, 612.398325
1.0, 627.104795
1.0, 616.475141
1.0, 627.150422
1.0, 615.914579
1.0, 625.104027
1.0, 628.266097
1.0, 615.262982
1.0, 629.106365
1.0, 622.111940
1.0, 633.323222
1.0, 623.469176
1.0, 627.756830
1.0, 622.899648
1.0, 627.201049
1.0, 629.328056
1.0, 627.182142
1.0, 628.075907
1.0, 624.166945
1.0, 622.899977
1.0, 620.021693
1.0, 630.930662
1.0, 629.388636
1.0, 624.856907
1.0, 628.004009
1.0, 611.509402
1.0, 621.931855
1.0, 622.146777
1.0, 625.616319
1.0, 619.320159
1.0, 617.046782
1.0, 616.689152
1.0, 627.447531
1.0, 632.268015
1.0, 626.634706
1.0, 618.312088
1.0, 622.382926
1.0, 627.896357
1.0, 615.084592
1.0, 627.092698
1.0, 623.165104
1.0, 626.879358
1.0, 628.656703
1.0, 631.490506
1.0, 624.216275
1.0, 624.519631
1.0, 623.633546
1.0, 622.481473
1.0, 623.792936
1.0, 633.622169
1.0, 624.389804
1.0, 628.033540
1.0, 634.798357
1.0, 629.740220
1.0, 632.300467
1.0, 626.925364
1.0, 625.248096
1.0, 628.774682
1.0, 625.746989
1.0, 628.476772
1.0, 618.740238
1.0, 624.348920
1.0, 625.184606
1.0, 634.656368
1.0, 633.582227
1.0, 622.081857
1.0, 639.017275
1.0, 621.030328
1.0, 624.141713
1.0, 632.465740
1.0, 629.204604
1.0, 627.182117
1.0, 640.600431
1.0, 627.855486
1.0, 633.539365
1.0, 622.704761
1.0, 632.757312
1.0, 624.153019
1.0, 614.034956
1.0, 619.806713
1.0, 628.132714
1.0, 629.490010
1.0, 622.877613
1.0, 628.908040
1.0, 632.008357
1.0, 621.859743
1.0, 630.261305
1.0, 625.968777
1.0, 631.683598
1.0, 625.259412
1.0, 618.848236
1.0, 622.817071
1.0, 622.291266
1.0, 632.976769
1.0, 634.715693
1.0, 619.179590
1.0, 636.076880
1.0, 628.093497
1.0, 628.111119
1.0, 624.263538
1.0, 618.256503
1.0, 619.527149
1.0, 616.246858
1.0, 627.010421
1.0, 624.330385
1.0, 630.888070
1.0, 608.138595
1.0, 622.879034
1.0, 612.588666
1.0, 623.129675
1.0, 618.106467
1.0, 625.036703
1.0, 629.830717
1.0, 629.008875
1.0, 623.426511
1.0, 618.617101
1.0, 613.048611
1.0, 612.371641
1.0, 622.652765
1.0, 632.766294
1.0, 628.881659
1.0, 622.550480
1.0, 620.014569
1.0, 630.139629
1.0, 615.416454
1.0, 625.893927
1.0, 630.078473
1.0, 616.899579
1.0, 627.412493
1.0, 624.655521
1.0, 615.198182
1.0, 621.286694
1.0, 623.082203
1.0, 614.554857
1.0, 630.569135
1.0, 613.226481
1.0, 620.463049
1.0, 619.952931
1.0, 635.511312
1.0, 622.119746
1.0, 630.972427
1.0, 625.751383
1.0, 620.456396
1.0, 619.756101
1.0, 623.878855
1.0, 615.893483
1.0, 622.421019
1.0, 624.984095
1.0, 619.121005
1.0, 630.965483
1.0, 625.784969
1.0, 613.379948
1.0, 624.180241
1.0, 619.489962
1.0, 630.523625
1.0, 627.841008
1.0, 614.563093
1.0, 624.932671
1.0, 623.035941
1.0, 630.403855
1.0, 635.687185
1.0, 632.526612
1.0, 624.235595
1.0, 616.579532
1.0, 624.066003
1.0, 627.110375
1.0, 622.640814
1.0, 614.327156
1.0, 633.114432
1.0, 624.299648
1.0, 617.630453
1.0, 621.432390
1.0, 624.490056
1.0, 627.060978
1.0, 619.761435
1.0, 628.147663
1.0, 626.934399
1.0, 620.294332
1.0, 625.974771
1.0, 636.135262
1.0, 627.720469
1.0, 621.359700
1.0, 622.554626
1.0, 620.957036
1.0, 619.629173
1.0, 613.159095
1.0, 622.964808
1.0, 610.932582
1.0, 629.510282
1.0, 613.910804
1.0, 620.953147
1.0, 622.845090
1.0, 636.999659
1.0, 615.980166
1.0, 626.898702
1.0, 629.344313
1.0, 631.130200
1.0, 616.611775
1.0, 619.794622
1.0, 627.604561
1.0, 623.723290
1.0, 626.557631
1.0, 633.428143
1.0, 628.285313
1.0, 624.418651
1.0, 624.049437
1.0, 623.807172
1.0, 617.959915
1.0, 636.637515
1.0, 627.584217
1.0, 616.754149
1.0, 621.087133
1.0, 627.099661
1.0, 628.658450
1.0, 626.746578
1.0, 613.318589
1.0, 624.600575
1.0, 625.167460
1.0, 618.082766
1.0, 626.512903
1.0, 618.470278
1.0, 630.868957
1.0, 627.599332
1.0, 614.996290
1.0, 623.155664
1.0, 623.139584
1.0, 618.164063
1.0, 637.693232
1.0, 624.390164
1.0, 633.863341
1.0, 627.694494
1.0, 625.487155
1.0, 623.990261
1.0, 623.756290
1.0, 633.120075
1.0, 639.439460
1.0, 633.987000
1.0, 616.264456
1.0, 624.167413
1.0, 639.007371
1.0, 627.790212
1.0, 632.030000
1.0, 621.477208
1.0, 627.249472
1.0, 620.050593
1.0, 628.756451
1.0, 620.184201
1.0, 623.404446
1.0, 611.571498
1.0, 633.553801
1.0, 624.490761
1.0, 629.439798
1.0, 629.001773
1.0, 639.557942
1.0, 630.112924
1.0, 623.107060
1.0, 630.993757
1.0, 635.447980
1.0, 628.148980
1.0, 624.159261
1.0, 624.313412
1.0, 624.954880
1.0, 633.038511
1.0, 634.495832
1.0, 625.019930
1.0, 624.627409
1.0, 625.733010
1.0, 625.392150
1.0, 626.341534
1.0, 618.380970
1.0, 624.655140
1.0, 618.845091
1.0, 619.505104
1.0, 623.842188
1.0, 626.522083
1.0, 606.128307
1.0, 630.975248
1.0, 627.378969
1.0, 619.546679
1.0, 625.151964
1.0, 620.700572
1.0, 623.901558
1.0, 631.090014
1.0, 620.602191
1.0, 628.390002
1.0, 638.605454
1.0, 629.025828
1.0, 618.890316
1.0, 618.922330
1.0, 635.331784
1.0, 623.010298
1.0, 627.868713
1.0, 624.444116
1.0, 625.923976
1.0, 627.758776
1.0, 623.399494
1.0, 631.473197
1.0, 625.562582
1.0, 625.851146
1.0, 625.717123
1.0, 620.482448
1.0, 626.346504
1.0, 632.988230
1.0, 621.357362
1.0, 625.757244
1.0, 631.573002
1.0, 624.854718
1.0, 621.414138
1.0, 625.976010
1.0, 621.130493
1.0, 629.148713
1.0, 620.459358
1.0, 623.672513
1.0, 616.997431
1.0, 633.956391
1.0, 623.223330
1.0, 624.089079
1.0, 623.029623
1.0, 622.563552
1.0, 627.397499
1.0, 619.185064
1.0, 619.423927
1.0, 628.256557
1.0, 615.000777
1.0, 624.512571
1.0, 619.085959
1.0, 615.799849
1.0, 613.766812
1.0, 615.544662
1.0, 615.758146
1.0, 622.108490
1.0, 624.769635
1.0, 613.837108
1.0, 623.635106
1.0, 625.540650
1.0, 622.066710
1.0, 621.812708
1.0, 629.222521
1.0, 617.837103
1.0, 633.766801
1.0, 622.626175
1.0, 624.089194
1.0, 631.291148
1.0, 637.384820
1.0, 629.468504
1.0, 626.594313
1.0, 631.770308
1.0, 635.605456
1.0, 627.537920
1.0, 630.434965
1.0, 616.270150
1.0, 633.398371
1.0, 643.766276
1.0, 620.529142
1.0, 620.552514
1.0, 622.278967
1.0, 617.808291
1.0, 622.432853
1.0, 633.834315
1.0, 621.111466
1.0, 626.438483
1.0, 620.083763
1.0, 626.310913
1.0, 628.221903
1.0, 625.597079
1.0, 617.726246
1.0, 615.054942
1.0, 624.473592
1.0, 621.089832
1.0, 621.506284
1.0, 621.648992
1.0, 627.359839
1.0, 626.273359
1.0, 621.063559
1.0, 627.393187
1.0, 625.183765
1.0, 622.012334
1.0, 602.509546
1.0, 623.142795
1.0, 629.289507
1.0, 622.558873
1.0, 626.418424
1.0, 628.105815
1.0, 616.510789
1.0, 623.742430
1.0, 623.993932
1.0, 631.764743
1.0, 631.795260
1.0, 616.008521
1.0, 620.462703
1.0, 626.326797
1.0, 625.233836
1.0, 617.785391
1.0, 630.716407
1.0, 616.190309
1.0, 630.470554
1.0, 621.236891
1.0, 619.980107
1.0, 622.812212
1.0, 631.119062
1.0, 626.548556
1.0, 616.363230
1.0, 632.562944
1.0, 624.718594
1.0, 625.588960
1.0, 638.838103
1.0, 627.103343
1.0, 619.046866
1.0, 622.927760
1.0, 620.574815
1.0, 624.145772
1.0, 625.203043
1.0, 626.573009
1.0, 628.144816
1.0, 620.036630
1.0, 616.793636
1.0, 609.441876
1.0, 624.042970
1.0, 624.691663
1.0, 622.606974
1.0, 615.675738
1.0, 628.736137
1.0, 630.716406
1.0, 626.636239
1.0, 622.241059
1.0, 631.449987
1.0, 629.296483
1.0, 626.679894
1.0, 621.167301
1.0, 619.862750
1.0, 623.873574
1.0, 627.713986
1.0, 613.666096
1.0, 618.836538
1.0, 625.309113
1.0, 625.534679
1.0, 620.612932
1.0, 620.297518
1.0, 606.306827
1.0, 625.745689
1.0, 623.301952
1.0, 619.779757
1.0, 629.765311
1.0, 634.727882
1.0, 621.218449
1.0, 638.083803
1.0, 626.520506
1.0, 621.935609
1.0, 626.046073
1.0, 625.961252
1.0, 631.790091
1.0, 630.019534
1.0, 640.906861
1.0, 632.260702
1.0, 627.188815
1.0, 624.687816
1.0, 626.410556
1.0, 621.192908
1.0, 628.227327
1.0, 623.766753
1.0, 626.823953
1.0, 622.604292
1.0, 626.936955
1.0, 623.764926
1.0, 626.594666
1.0, 625.743792
1.0, 625.718761
1.0, 615.724281
1.0, 623.835443
1.0, 619.864013
1.0, 629.188640
1.0, 627.620129
1.0, 625.148402
1.0, 615.574619
1.0, 626.604360
1.0, 631.565965
1.0, 614.021857
1.0, 620.951740
1.0, 631.224565
1.0, 613.928994
1.0, 613.250973
1.0, 632.925080
1.0, 618.590627
1.0, 636.758585
1.0, 628.595547
1.0, 619.843027
1.0, 624.352717
1.0, 630.859905
1.0, 615.816923
1.0, 614.081123
1.0, 624.926101
1.0, 632.961393
1.0, 625.697342
1.0, 621.272893
1.0, 630.897454
1.0, 628.208391
1.0, 625.760123
1.0, 619.886592
1.0, 628.124976
1.0, 622.229025
1.0, 628.672275
1.0, 632.592083
1.0, 625.135064
1.0, 630.162956
1.0, 620.219752
1.0, 621.772841
1.0, 621.966047
1.0, 623.745740
1.0, 614.961000
1.0, 630.334621
1.0, 616.699505
1.0, 625.992580
1.0, 629.988827
1.0, 637.385112
1.0, 623.364355
1.0, 623.176313
1.0, 630.093761
1.0, 616.229851
1.0, 627.026592
1.0, 626.818172
1.0, 619.819424
1.0, 626.476599
1.0, 616.010558
1.0, 622.137545
1.0, 632.543612
1.0, 623.237828
1.0, 632.616375
1.0, 626.750274
1.0, 632.592409
1.0, 631.084740
1.0, 629.339854
1.0, 618.730462
1.0, 616.193635
1.0, 631.110322
1.0, 637.205800
1.0, 626.731724
1.0, 613.905782
1.0, 626.496004
1.0, 624.929647
1.0, 615.015238
1.0, 633.916306
1.0, 630.420960
1.0, 619.969968
1.0, 617.739710
1.0, 633.225205
1.0, 620.888341
1.0, 625.627609
1.0, 622.594314
1.0, 631.403991
1.0, 621.574387
1.0, 625.439841
1.0, 630.749563
1.0, 642.200223
1.0, 625.480417
1.0, 625.742375
1.0, 619.769185
1.0, 616.145474
1.0, 627.869656
1.0, 618.228895
1.0, 624.421039
1.0, 630.487560
1.0, 618.815605
1.0, 630.914971
1.0, 621.179761
1.0, 626.959891
1.0, 625.680653
1.0, 623.525934
1.0, 629.538577
1.0, 626.001217
1.0, 617.665755
1.0, 621.104104
1.0, 630.165476
1.0, 637.947858
1.0, 630.778241
1.0, 624.041312
1.0, 622.807554
1.0, 629.227097
1.0, 625.636470
1.0, 616.411234
1.0, 620.870412
1.0, 632.408414
1.0, 617.886196
1.0, 624.389040
1.0, 641.994528
1.0, 626.736590
1.0, 619.499803
1.0, 625.412943
1.0, 620.238029
1.0, 610.099512
1.0, 629.241246
1.0, 620.881228
1.0, 629.393733
1.0, 628.550280
1.0, 626.722521
1.0, 623.399431
1.0, 621.736533
1.0, 629.537590
1.0, 630.864118
1.0, 629.188589
1.0, 617.475692
1.0, 639.531358
1.0, 634.039434
1.0, 624.644791
1.0, 616.736750
1.0, 630.798769
1.0, 625.317513
1.0, 619.773919
1.0, 637.884445
1.0, 612.449425
1.0, 624.404621
1.0, 618.648303
1.0, 626.299995
1.0, 621.006504
1.0, 634.468536
1.0, 620.223392
1.0, 625.401030
1.0, 624.355891
1.0, 618.441776
1.0, 623.997112
1.0, 616.399305
1.0, 631.849784
1.0, 620.260401
1.0, 627.236410
1.0, 628.217035
1.0, 621.499522
1.0, 627.186540
1.0, 620.025384
1.0, 624.294568
1.0, 618.170740
1.0, 627.902464
1.0, 626.141294
1.0, 626.415982
1.0, 625.341890
1.0, 617.025221
1.0, 636.560786
1.0, 615.863555
1.0, 628.082348
1.0, 621.887373
1.0, 629.799271
1.0, 621.624499
1.0, 630.551719
1.0, 630.227013
1.0, 619.906326
1.0, 620.176790
1.0, 613.892134
1.0, 626.816992
1.0, 625.657848
1.0, 633.557491
1.0, 611.866993
1.0, 624.208748
1.0, 625.947078
1.0, 624.505893
1.0, 623.977745
1.0, 623.521692
1.0, 628.270992
1.0, 635.336863
1.0, 632.560700
1.0, 615.493851
1.0, 624.069408
1.0, 624.429532
1.0, 621.071717
1.0, 624.792324
1.0, 631.978721
1.0, 624.166515
1.0, 634.066009
1.0, 628.171554
1.0, 621.742038
1.0, 642.065562
1.0, 619.958459
1.0, 641.378650
1.0, 625.903870
1.0, 617.641110
1.0, 625.058777
1.0, 625.235193
1.0, 631.554981
1.0, 619.670734
1.0, 623.159154
1.0, 618.081126
1.0, 616.564846
1.0, 635.406529
1.0, 630.046039
1.0, 629.921755
1.0, 622.848750
1.0, 623.941763
1.0, 617.893818
1.0, 623.500191
1.0, 627.521293
1.0, 625.511876
1.0, 625.420715
1.0, 610.179485
1.0, 634.090268
1.0, 629.741584
1.0, 628.911571
1.0, 629.091084
1.0, 623.221360
1.0, 622.315586
1.0, 618.118772
1.0, 616.242734
1.0, 629.540668
1.0, 613.225232
1.0, 625.119103
1.0, 624.909341
1.0, 632.042645
1.0, 621.277624
1.0, 637.843945
1.0, 613.838456
1.0, 608.716647
1.0, 609.132441
1.0, 625.340054
1.0, 620.514086
1.0, 613.060768
1.0, 624.081112
1.0, 630.427152
1.0, 629.851422
1.0, 622.609852
1.0, 614.323555
1.0, 633.271829
1.0, 629.718629
1.0, 616.601130
1.0, 625.784750
1.0, 622.003225
1.0, 623.037184
1.0, 635.195733
1.0, 625.575169
1.0, 624.887603
1.0, 621.949373
1.0, 631.427131
1.0, 629.240048
1.0, 627.028487
1.0, 635.604241
1.0, 629.786465
1.0, 627.679190
1.0, 633.139527
1.0, 620.455989
1.0, 618.287793
1.0, 629.841252
1.0, 626.324006
1.0, 626.130951
1.0, 621.498642
1.0, 614.917811
1.0, 632.904174
1.0, 623.899423
1.0, 609.886144
1.0, 634.966740
1.0, 634.901571
1.0, 625.569791
1.0, 632.764889
1.0, 626.712889
1.0, 632.441102
1.0, 629.522529
1.0, 615.827609
1.0, 627.681797
1.0, 632.721629
1.0, 628.276801
1.0, 619.225742
1.0, 627.733399
1.0, 616.147822
1.0, 623.362862
1.0, 619.128153
1.0, 628.173739
1.0, 623.787685
1.0, 624.753717
1.0, 630.254684
1.0, 625.273876
1.0, 626.613520
1.0, 624.814571
1.0, 615.441135
1.0, 621.081963
1.0, 645.343278
1.0, 630.308784
1.0, 629.094589
1.0, 631.791825
1.0, 627.832836
1.0, 630.404310
1.0, 626.927409
1.0, 628.872713
1.0, 626.935750
1.0, 626.739529
1.0, 621.721477
1.0, 630.339298
1.0, 629.025940
1.0, 647.678493
1.0, 626.224947
1.0, 625.730344
1.0, 634.775220
1.0, 625.531409
1.0, 618.043349
1.0, 624.212110
1.0, 619.869644
1.0, 619.928411
1.0, 623.513313
1.0, 628.063472
1.0, 626.818978
1.0, 621.079512
1.0, 621.896356
1.0, 636.577449
1.0, 623.368298
1.0, 622.529333
1.0, 631.958010
1.0, 614.510336
1.0, 628.100220
1.0, 623.155830
1.0, 625.479280
1.0, 627.526170
1.0, 625.050701
1.0, 627.927583
1.0, 622.937427
1.0, 624.207164
1.0, 631.423294
1.0, 629.459481
1.0, 628.197020
1.0, 620.421564
1.0, 629.422419
1.0, 626.124385
1.0, 625.166324
1.0, 626.140537
1.0, 630.243355
1.0, 625.071008
1.0, 614.464184
1.0, 618.748380
1.0, 626.936842
1.0, 623.183896
1.0, 626.025225
1.0, 624.116340
1.0, 619.220055
1.0, 623.135582
1.0, 624.698638
1.0, 626.252251
1.0, 611.830108
1.0, 632.242557
1.0, 615.367482
1.0, 621.346139
1.0, 627.910027
1.0, 625.385843
1.0, 621.679051
1.0, 629.798780
1.0, 610.119668
1.0, 615.380492
1.0, 616.736392
1.0, 630.693392
1.0, 616.083581
1.0, 630.804609
1.0, 631.041341
1.0, 617.021158
1.0, 635.249051
1.0, 626.106450
1.0, 641.697885
1.0, 627.899106
1.0, 628.407797
1.0, 631.226714
1.0, 630.716142
1.0, 625.832286
1.0, 611.418232
1.0, 628.228780
1.0, 616.419615
1.0, 622.395897
1.0, 621.291076
1.0, 628.387754
1.0, 623.112705
1.0, 617.151857
1.0, 618.538016
1.0, 623.147156
1.0, 623.490593
1.0, 622.685235
1.0, 615.594144
1.0, 627.761325
1.0, 628.017820
1.0, 630.974991
1.0, 634.316487
1.0, 626.498524
1.0, 608.926784
1.0, 634.985779
1.0, 629.066540
1.0, 629.409566
1.0, 639.971128
1.0, 623.590853
1.0, 633.280955
1.0, 626.580991
1.0, 621.074548
1.0, 618.943361
1.0, 621.493421
1.0, 626.683975
1.0, 623.044741
1.0, 622.104113
1.0, 619.462909
1.0, 631.869630
1.0, 621.163897
1.0, 631.315313
1.0, 617.748674
1.0, 624.468830
1.0, 627.164909
1.0, 628.689256
1.0, 617.551809
1.0, 619.524759
1.0, 629.105650
1.0, 624.929814
1.0, 617.966479
1.0, 639.459499
1.0, 616.431947
1.0, 627.707315
1.0, 626.468782
1.0, 611.013510
1.0, 621.186460
1.0, 627.377132
1.0, 629.356414
1.0, 631.950500
1.0, 624.548225
1.0, 630.622623
1.0, 617.251922
1.0, 625.210402
1.0, 628.459138
1.0, 619.150007
1.0, 631.729387
1.0, 635.519652
1.0, 625.017275
1.0, 633.783775
1.0, 625.432335
1.0, 622.425988
1.0, 622.844995
1.0, 614.388860
1.0, 623.614578
1.0, 614.830335
1.0, 628.131870
1.0, 633.124620
1.0, 609.859389
1.0, 633.766761
1.0, 621.722177
1.0, 622.910295
1.0, 624.551597
1.0, 628.698923
1.0, 630.843288
1.0, 619.148371
1.0, 628.937615
1.0, 637.812855
1.0, 629.053186
1.0, 628.234770
1.0, 626.406195
1.0, 625.279916
1.0, 623.925159
1.0, 626.957431
1.0, 620.003332
1.0, 623.469658
1.0, 639.273419
1.0, 627.868443
1.0, 617.569541
1.0, 629.689643
1.0, 620.199820
1.0, 630.946875
1.0, 627.690699
1.0, 629.279215
1.0, 624.157661
1.0, 632.750786
1.0, 613.590070
1.0, 629.345854
1.0, 625.074447
1.0, 619.615799
1.0, 637.909418
1.0, 636.276155
1.0, 611.526340
1.0, 635.720885
1.0, 616.076645
1.0, 620.571353
1.0, 618.675354
1.0, 627.650299
1.0, 624.108579
1.0, 624.767666
1.0, 628.727179
1.0, 617.607465
1.0, 623.715512
1.0, 619.157328
1.0, 610.946605
1.0, 624.127527
1.0, 629.276022
1.0, 618.313605
1.0, 623.566670
1.0, 629.472914
1.0, 621.605064
1.0, 627.604649
1.0, 627.238778
1.0, 624.144780
1.0, 610.671988
1.0, 616.111461
1.0, 625.371107
1.0, 626.793728
1.0, 627.629329
1.0, 620.810078
1.0, 626.310247
1.0, 619.892081
1.0, 630.417256
1.0, 629.873693
1.0, 628.135470
1.0, 632.595061
1.0, 629.839983
1.0, 631.745681
1.0, 632.778010
1.0, 612.481680
1.0, 635.254148
1.0, 624.902950
1.0, 617.563710
1.0, 637.387615
1.0, 630.188071
1.0, 622.724081
1.0, 617.401797
1.0, 618.197439
1.0, 629.402583
1.0, 620.873564
1.0, 629.722085
1.0, 638.970353
1.0, 637.586162
1.0, 620.276785
1.0, 622.296951
1.0, 626.442153
1.0, 628.172159
1.0, 620.734943
1.0, 632.329316
1.0, 626.354943
1.0, 623.604684
1.0, 619.030971
1.0, 629.862583
1.0, 615.033822
1.0, 623.207602
1.0, 628.052842
1.0, 627.186950
1.0, 622.033524
1.0, 627.606348
1.0, 638.606286
1.0, 629.201792
1.0, 624.101034
1.0, 627.650434
1.0, 629.058379
1.0, 629.214727
1.0, 622.820797
1.0, 618.675315
1.0, 631.737310
1.0, 622.600164
1.0, 625.439981
1.0, 621.524676
1.0, 632.146990
1.0, 610.123554
1.0, 615.266960
1.0, 621.286174
1.0, 632.621643
1.0, 627.332660
1.0, 620.415784
1.0, 628.087983
1.0, 621.637969
1.0, 622.284854
1.0, 625.825260
1.0, 635.789866
1.0, 627.569736
1.0, 618.217255
1.0, 625.253375
1.0, 636.617358
1.0, 623.658751
1.0, 619.347746
1.0, 631.123372
1.0, 630.127530
1.0, 626.046931
1.0, 624.194432
1.0, 631.355961
1.0, 627.905481
1.0, 616.298772
1.0, 625.560012
1.0, 630.466420
1.0, 636.200827
1.0, 621.128039
1.0, 626.057150
1.0, 613.889464
1.0, 606.006322
1.0, 628.720246
1.0, 630.344920
1.0, 614.442459
1.0, 614.726020
1.0, 617.481911
1.0, 615.484140
1.0, 621.121465
1.0, 619.397575
1.0, 624.850759
1.0, 635.383991
1.0, 620.178546
1.0, 629.577609
1.0, 626.979697
1.0, 619.660021
1.0, 618.007799
1.0, 636.102732
1.0, 627.244756
1.0, 629.928824
1.0, 630.421781
1.0, 625.898613
1.0, 619.400741
1.0, 625.997896
1.0, 622.062435
1.0, 624.647058
1.0, 629.852138
1.0, 627.497330
1.0, 623.485499
1.0, 615.753524
1.0, 615.801319
1.0, 626.692867
1.0, 626.194118
1.0, 635.765125
1.0, 618.793427
1.0, 619.872663
1.0, 626.269117
1.0, 625.206789
1.0, 621.029670
1.0, 618.050712
1.0, 624.660594
1.0, 622.705220
1.0, 632.274439
1.0, 618.571694
1.0, 621.665596
1.0, 634.236915
1.0, 618.794600
1.0, 633.152066
1.0, 629.047875
1.0, 618.821445
1.0, 627.012940
1.0, 621.655027
1.0, 622.201245
1.0, 622.559964
1.0, 613.837048
1.0, 628.472893
1.0, 621.260069
1.0, 626.187907
1.0, 626.576217
1.0, 629.912894
1.0, 621.347029
1.0, 631.359994
1.0, 620.654197
1.0, 632.336399
1.0, 615.462148
1.0, 625.366333
1.0, 619.523768
1.0, 614.381543
1.0, 618.196544
1.0, 623.910186
1.0, 629.443447
1.0, 625.993605
1.0, 625.430324
1.0, 641.818451
1.0, 625.673615
1.0, 617.004269
1.0, 626.650328
1.0, 614.613343
1.0, 613.507323
1.0, 629.148655
1.0, 628.027852
1.0, 614.977522
1.0, 627.304594
1.0, 620.946047
1.0, 626.928939
1.0, 623.966099
1.0, 625.122563
1.0, 615.716119
1.0, 625.788802
1.0, 628.482954
1.0, 626.824402
1.0, 630.926056
1.0, 627.501790
1.0, 632.720362
1.0, 620.965686
1.0, 626.928069
1.0, 628.843980
1.0, 622.391194
1.0, 620.920714
1.0, 622.010780
1.0, 628.690032
1.0, 622.411779
1.0, 617.526472
1.0, 623.694325
1.0, 635.276221
1.0, 612.012119
1.0, 629.898523
1.0, 619.319769
1.0, 637.827867
1.0, 623.060342
1.0, 634.787180
1.0, 626.260073
1.0, 617.096528
1.0, 629.235403
1.0, 648.404447
1.0, 626.483248
1.0, 618.796226
1.0, 619.793422
1.0, 613.270264
1.0, 636.306624
1.0, 628.161582
1.0, 623.725751
1.0, 629.784507
1.0, 613.097330
1.0, 622.098263
1.0, 615.947277
1.0, 629.105217
1.0, 643.700460
1.0, 632.762784
1.0, 619.390484
1.0, 614.694137
1.0, 629.457936
1.0, 618.956603
1.0, 618.133743
1.0, 623.018084
1.0, 618.315848
1.0, 620.265586
1.0, 627.858597
1.0, 634.072145
1.0, 630.854513
1.0, 629.087485
1.0, 617.813279
1.0, 614.724941
1.0, 620.866518
1.0, 627.221762
1.0, 632.367607
1.0, 619.201767
1.0, 627.050625
1.0, 634.038739
1.0, 620.083315
1.0, 630.278039
1.0, 618.952402
1.0, 620.653019
1.0, 612.783619
1.0, 629.539623
1.0, 627.782902
1.0, 625.817789
1.0, 628.632247
1.0, 621.758286
1.0, 629.487270
1.0, 628.277005
1.0, 621.064233
1.0, 631.374412
1.0, 620.977576
1.0, 619.823010
1.0, 628.119513
1.0, 631.691287
1.0, 635.056149
1.0, 621.974684
1.0, 617.547638
1.0, 631.703551
1.0, 631.094175
1.0, 631.209042
1.0, 622.366331
1.0, 630.924877
1.0, 631.109861
1.0, 618.014972
1.0, 613.846941
1.0, 624.075324
1.0, 645.443332
1.0, 627.789898
1.0, 625.330310
1.0, 640.603682
1.0, 627.268946
1.0, 620.041035
1.0, 621.710792
1.0, 631.540404
1.0, 627.355165
1.0, 619.991129
1.0, 625.554314
1.0, 625.331775
1.0, 611.716308
1.0, 626.487584
1.0, 627.497753
1.0, 620.913004
1.0, 625.784523
1.0, 627.173589
1.0, 625.450283
1.0, 614.537529
1.0, 637.292397
1.0, 628.122465
1.0, 633.460544
1.0, 623.723373
1.0, 624.734869
1.0, 616.576503
1.0, 613.870940
1.0, 624.187910
1.0, 616.711330
1.0, 628.863313
1.0, 629.024542
1.0, 625.391599
1.0, 602.933286
1.0, 619.739898
1.0, 624.730097
1.0, 620.083298
1.0, 618.903146
1.0, 628.475323
1.0, 618.057287
1.0, 620.146034
1.0, 630.431837
1.0, 620.359905
1.0, 618.202751
1.0, 626.870173
1.0, 628.082647
1.0, 626.642206
1.0, 628.535635
1.0, 623.545635
1.0, 628.528970
1.0, 620.654220
1.0, 621.102769
1.0, 630.362715
1.0, 629.758638
1.0, 624.521090
1.0, 622.692240
1.0, 623.304816
1.0, 636.919736
1.0, 622.582745
1.0, 628.955520
1.0, 638.163533
1.0, 630.731554
1.0, 624.968063
1.0, 628.707342
1.0, 618.704786
1.0, 616.329800
1.0, 625.296986
1.0, 630.818146
1.0, 614.801668
1.0, 627.436051
1.0, 622.936530
1.0, 623.773597
1.0, 628.748505
1.0, 626.222072
1.0, 612.804541
1.0, 638.954379
1.0, 627.908325
1.0, 616.723855
1.0, 630.885416
1.0, 617.260768
1.0, 618.459403
1.0, 634.131542
1.0, 626.821828
1.0, 629.099072
1.0, 629.808416
1.0, 622.986113
1.0, 631.858184
1.0, 623.382933
1.0, 625.542244
1.0, 630.399566
1.0, 627.245579
1.0, 625.216978
1.0, 620.661591
1.0, 626.666847
1.0, 613.803369
1.0, 622.204162
1.0, 627.545899
1.0, 627.455496
1.0, 635.571696
1.0, 631.167827
1.0, 624.259253
1.0, 628.154986
1.0, 628.587255
1.0, 634.648417
1.0, 637.569234
1.0, 632.046578
1.0, 632.484216
1.0, 621.614199
1.0, 639.090617
1.0, 624.604236
1.0, 606.913153
1.0, 618.780317
1.0, 628.814313
1.0, 632.691178
1.0, 621.124341
1.0, 624.152261
1.0, 618.813687
1.0, 629.573186
1.0, 624.896731
1.0, 637.515121
1.0, 634.641482
1.0, 629.878747
1.0, 618.347105
1.0, 613.222911
1.0, 624.692217
1.0, 617.541549
1.0, 620.508471
1.0, 627.400205
1.0, 621.414226
1.0, 624.712670
1.0, 624.750599
1.0, 627.664494
1.0, 631.242683
1.0, 621.545688
1.0, 620.670566
1.0, 623.942214
1.0, 632.718973
1.0, 624.777985
1.0, 617.943935
1.0, 625.429716
1.0, 625.942096
1.0, 629.513167
1.0, 638.360064
1.0, 621.794940
1.0, 631.091542
1.0, 623.213872
1.0, 616.310925
1.0, 612.790896
1.0, 627.778968
1.0, 617.306618
1.0, 622.795248
1.0, 623.005367
1.0, 624.109633
1.0, 616.584531
1.0, 614.673781
1.0, 630.837433
1.0, 628.974109
1.0, 621.532318
1.0, 632.738320
1.0, 638.191178
1.0, 628.410519
1.0, 609.174836
1.0, 633.915624
1.0, 627.787050
1.0, 624.911018
1.0, 617.440446
1.0, 628.790363
1.0, 621.452500
1.0, 607.882524
1.0, 625.530019
1.0, 628.806401
1.0, 625.843323
1.0, 629.948098
1.0, 624.520049
1.0, 621.823041
1.0, 630.363026
1.0, 621.481927
1.0, 624.109703
1.0, 629.427299
1.0, 621.578196
1.0, 635.605253
1.0, 626.809908
1.0, 639.672687
1.0, 622.029620
1.0, 635.508202
1.0, 623.513497
1.0, 622.880163
1.0, 619.550198
1.0, 608.760941
1.0, 631.169275
1.0, 622.860012
1.0, 617.875375
1.0, 630.164931
1.0, 638.404214
1.0, 626.715668
1.0, 614.398834
1.0, 630.641699
1.0, 633.625636
1.0, 612.950851
1.0, 624.338342
1.0, 620.594224
1.0, 619.612509
1.0, 626.581293
1.0, 626.387590
1.0, 619.236523
1.0, 626.484998
1.0, 620.806974
1.0, 631.048784
1.0, 620.038051
1.0, 624.105568
1.0, 620.461791
1.0, 622.431520
1.0, 633.245944
1.0, 633.669032
1.0, 636.051939
1.0, 630.168333
1.0, 620.975793
1.0, 625.814791
1.0, 625.843256
1.0, 628.711807
1.0, 627.483202
1.0, 628.843665
1.0, 627.635052
1.0, 635.192579
1.0, 626.865430
1.0, 627.822955
1.0, 627.414383
1.0, 632.831746
1.0, 620.252392
1.0, 619.247651
1.0, 620.248951
1.0, 629.095179
1.0, 627.288478
1.0, 629.293452
1.0, 622.567850
1.0, 630.453847
1.0, 624.921599
1.0, 621.021059
1.0, 617.723073
1.0, 623.435793
1.0, 628.633751
1.0, 626.160964
1.0, 629.237054
1.0, 621.889202
1.0, 625.027646
1.0, 623.089241
1.0, 632.116255
1.0, 625.671232
1.0, 624.436758
1.0, 622.539001
1.0, 623.987739
1.0, 623.797945
1.0, 629.708542
1.0, 631.217461
1.0, 609.127453
1.0, 625.771187
1.0, 630.287418
1.0, 643.948062
1.0, 626.719873
1.0, 619.344383
1.0, 631.213565
1.0, 616.313577
1.0, 621.092352
1.0, 625.355452
1.0, 619.722897
1.0, 634.919298
1.0, 609.342859
1.0, 621.744145
1.0, 622.900925
1.0, 617.084731
1.0, 616.900342
1.0, 628.529806
1.0, 615.760601
1.0, 622.294693
1.0, 632.531476
1.0, 637.889093
1.0, 618.935410
1.0, 636.138369
1.0, 629.681685
1.0, 622.471817
1.0, 615.856356
1.0, 608.694600
1.0, 633.836193
1.0, 618.526975
1.0, 625.804732
1.0, 635.074966
1.0, 621.376994
1.0, 616.690286
1.0, 620.051383
1.0, 630.896980
1.0, 631.354692
1.0, 620.558939
1.0, 624.632079
1.0, 632.400125
1.0, 625.822012
1.0, 615.918954
1.0, 624.579486
1.0, 631.824620
1.0, 624.657444
1.0, 633.740978
1.0, 628.540358
1.0, 634.896982
1.0, 627.894821
1.0, 625.852750
1.0, 629.470770
1.0, 615.311843
1.0, 625.558215
1.0, 629.459069
1.0, 617.659184
1.0, 624.584251
1.0, 619.806124
1.0, 623.883437
1.0, 619.070683
1.0, 629.600305
1.0, 610.319389
1.0, 631.180746
1.0, 616.162459
1.0, 635.705177
1.0, 631.714003
1.0, 623.148327
1.0, 628.001788
1.0, 627.671153
1.0, 626.575321
1.0, 626.700414
1.0, 625.424137
1.0, 622.941115
1.0, 619.360450
1.0, 633.653365
1.0, 618.312075
1.0, 625.526661
1.0, 633.639333
1.0, 628.908686
1.0, 621.481754
1.0, 623.518949
1.0, 608.101792
1.0, 628.001218
1.0, 621.183198
1.0, 629.083945
1.0, 632.956047
1.0, 629.516752
1.0, 620.030248
1.0, 626.585791
1.0, 607.197989
1.0, 621.221378
1.0, 616.800546
1.0, 621.497829
1.0, 622.875677
1.0, 632.433272
1.0, 628.051898
1.0, 636.172653
1.0, 636.326639
1.0, 624.734420
1.0, 632.792227
1.0, 638.822302
1.0, 613.255438
1.0, 624.581691
1.0, 625.376355
1.0, 613.876074
1.0, 632.054681
1.0, 618.490952
1.0, 624.303566
1.0, 632.961166
1.0, 638.473918
1.0, 617.005041
1.0, 632.314990
1.0, 614.620069
1.0, 631.045456
1.0, 619.156968
1.0, 633.889201
1.0, 623.319655
1.0, 629.573707
1.0, 620.655598
1.0, 625.779269
1.0, 631.063472
1.0, 626.078568
1.0, 619.448944
1.0, 624.832489
1.0, 623.542719
1.0, 625.649919
1.0, 617.842754
1.0, 627.976655
1.0, 618.362608
1.0, 630.047428
1.0, 614.624869
1.0, 612.159392
1.0, 630.037061
1.0, 619.530470
1.0, 617.348207
1.0, 629.425809
1.0, 633.916569
1.0, 633.472517
1.0, 617.439670
1.0, 623.907318
1.0, 631.123078
1.0, 616.169948
1.0, 617.482894
1.0, 620.768486
1.0, 626.802240
1.0, 620.259205
1.0, 629.707838
1.0, 628.981325
1.0, 624.671309
1.0, 622.942922
1.0, 623.162123
1.0, 623.729021
1.0, 631.068791
1.0, 621.236381
1.0, 631.577683
1.0, 613.645414
1.0, 620.184890
1.0, 616.963231
1.0, 629.651195
1.0, 620.965948
1.0, 612.934829
1.0, 621.329910
1.0, 618.567250
1.0, 620.944469
1.0, 625.359560
1.0, 628.173401
1.0, 625.605918
1.0, 632.373915
1.0, 622.704969
1.0, 628.353456
1.0, 622.802301
1.0, 620.304718
1.0, 616.080358
1.0, 638.961203
1.0, 625.403053
1.0, 627.186559
1.0, 624.976189
1.0, 612.882992
1.0, 622.151327
1.0, 625.446649
1.0, 616.352724
1.0, 629.653589
1.0, 625.554353
1.0, 624.154975
1.0, 624.813308
1.0, 624.322470
1.0, 626.750664
1.0, 619.825707
1.0, 623.619169
1.0, 626.734395
1.0, 613.229576
1.0, 627.475019
1.0, 631.313434
1.0, 629.910417
1.0, 615.295099
1.0, 621.615615
1.0, 621.916980
1.0, 624.455177
1.0, 614.641321
1.0, 626.431149
1.0, 633.098609
1.0, 626.456229
1.0, 613.527070
1.0, 625.104628
1.0, 621.950609
1.0, 621.877691
1.0, 633.011766
1.0, 624.332011
1.0, 641.154533
1.0, 632.633717
1.0, 631.904498
1.0, 614.433209
1.0, 619.315456
1.0, 620.546342
1.0, 628.265183
1.0, 621.369982
1.0, 625.797294
1.0, 622.505068
1.0, 627.084628
1.0, 628.470866
1.0, 621.224009
1.0, 621.824931
1.0, 622.020701
1.0, 621.679566
1.0, 622.157544
1.0, 626.679544
1.0, 622.388994
1.0, 625.288826
1.0, 618.275498
1.0, 618.058910
1.0, 624.529955
1.0, 634.452509
1.0, 632.369293
1.0, 635.618607
1.0, 624.099743
1.0, 612.031891
1.0, 622.816594
1.0, 622.946391
1.0, 618.650070
1.0, 634.591140
1.0, 617.413571
1.0, 635.885605
1.0, 631.595795
1.0, 627.158802
1.0, 630.094507
1.0, 619.660966
1.0, 624.877187
1.0, 624.876156
1.0, 626.498939
1.0, 619.886212
1.0, 624.402824
1.0, 627.591542
1.0, 635.312666
1.0, 638.163197
1.0, 627.406817
1.0, 627.010685
1.0, 624.465738
1.0, 633.788137
1.0, 621.201446
1.0, 623.680826
1.0, 626.448284
1.0, 636.759492
1.0, 626.429822
1.0, 622.207695
1.0, 636.666804
1.0, 631.355588
1.0, 628.989638
1.0, 617.109764
1.0, 620.633754
1.0, 621.388445
1.0, 634.598394
1.0, 621.211235
1.0, 624.292838
1.0, 625.551617
1.0, 622.321542
1.0, 623.675540
1.0, 616.726819
1.0, 634.701840
1.0, 628.277904
1.0, 639.037166
1.0, 631.697467
1.0, 623.189284
1.0, 617.942158
1.0, 618.457667
1.0, 619.701308
1.0, 620.013232
1.0, 634.328097
1.0, 615.452120
1.0, 617.622993
1.0, 611.561947
1.0, 627.506818
1.0, 634.660634
1.0, 629.853818
1.0, 634.728215
1.0, 621.117475
1.0, 629.877932
1.0, 624.687278
1.0, 625.063797
1.0, 626.113424
1.0, 627.902796
1.0, 630.172900
1.0, 614.420126
1.0, 616.913004
1.0, 629.102413
1.0, 627.904192
1.0, 632.605217
1.0, 615.158989
1.0, 622.799254
1.0, 615.740091
1.0, 620.746691
1.0, 609.041501
1.0, 609.304466
1.0, 621.583397
1.0, 622.350960
1.0, 622.442082
1.0, 617.051078
1.0, 613.661892
1.0, 641.456439
1.0, 620.500116
1.0, 622.778655
1.0, 614.540136
1.0, 628.037453
1.0, 616.965797
1.0, 628.974895
1.0, 631.573951
1.0, 624.450893
1.0, 635.829113
1.0, 622.690621
1.0, 630.398056
1.0, 619.971342
1.0, 619.939040
1.0, 615.780138
1.0, 633.121621
1.0, 621.273265
1.0, 630.835560
1.0, 627.768981
1.0, 621.832366
1.0, 624.510471
1.0, 631.644935
1.0, 623.549039
1.0, 632.916185
1.0, 622.642850
1.0, 635.963529
1.0, 631.916408
1.0, 628.760454
1.0, 621.842604
1.0, 616.394714
1.0, 619.465282
1.0, 631.560490
1.0, 631.058610
1.0, 634.185488
1.0, 631.354622
1.0, 621.616536
1.0, 624.754775
1.0, 615.774476
1.0, 625.676745
1.0, 626.430959
1.0, 626.277895
1.0, 610.093235
1.0, 619.397327
1.0, 622.715924
1.0, 625.649263
1.0, 621.132914
1.0, 618.896484
1.0, 619.994624
1.0, 627.195128
1.0, 624.063998
1.0, 636.025067
1.0, 615.785594
1.0, 620.059058
1.0, 633.092323
1.0, 626.924345
1.0, 635.322745
1.0, 627.936216
1.0, 616.938065
1.0, 635.155343
1.0, 625.705113
1.0, 631.212818
1.0, 623.102337
1.0, 615.313967
1.0, 616.913923
1.0, 638.728688
1.0, 622.865973
1.0, 635.306166
1.0, 619.386207
1.0, 633.898649
1.0, 624.774666
1.0, 624.272824
1.0, 623.343595
1.0, 618.844276
1.0, 624.596900
1.0, 629.071631
1.0, 609.493904
1.0, 621.146623
1.0, 639.029912
1.0, 632.309434
1.0, 634.939591
1.0, 627.288237
1.0, 627.821799
1.0, 626.538562
1.0, 626.185210
1.0, 625.545589
1.0, 620.793080
1.0, 629.176361
1.0, 613.671973
1.0, 633.757133
1.0, 633.586600
1.0, 620.101289
1.0, 616.377063
1.0, 624.435236
1.0, 618.997415
1.0, 631.182101
1.0, 628.134620
1.0, 624.414489
1.0, 616.836085
1.0, 630.583827
1.0, 634.371734
1.0, 631.280182
1.0, 634.023061
1.0, 626.625803
1.0, 631.582779
1.0, 634.302926
1.0, 626.459826
1.0, 621.011416
1.0, 629.374994
1.0, 618.133134
1.0, 633.827306
1.0, 626.336892
1.0, 615.416035
1.0, 626.289666
1.0, 635.959738
1.0, 621.197181
1.0, 618.708973
1.0, 620.066710
1.0, 621.406046
1.0, 611.904416
1.0, 615.314520
1.0, 620.398982
1.0, 623.524332
1.0, 627.324441
1.0, 617.354051
1.0, 627.372003
1.0, 629.769739
1.0, 623.494526
1.0, 617.623341
1.0, 622.602862
1.0, 619.457299
1.0, 633.871383
1.0, 629.726420
1.0, 630.816734
1.0, 629.139433
1.0, 620.650991
1.0, 624.083058
1.0, 620.235584
1.0, 623.514250
1.0, 629.181038
1.0, 624.616146
1.0, 620.590359
1.0, 627.202689
1.0, 617.650983
1.0, 632.771696
1.0, 625.249567
1.0, 620.093829
1.0, 624.087748
1.0, 636.120975
1.0, 629.647928
1.0, 622.003611
1.0, 618.729625
1.0, 624.595454
1.0, 620.685800
1.0, 636.498894
1.0, 615.772489
1.0, 629.936524
1.0, 638.213708
1.0, 621.859913
1.0, 617.694501
1.0, 615.830463
1.0, 630.906230
1.0, 628.489365
1.0, 623.028469
1.0, 609.073146
1.0, 615.342563
1.0, 622.330326
1.0, 619.171644
1.0, 631.829005
1.0, 624.694776
1.0, 619.564836
1.0, 615.654013
1.0, 625.749519
1.0, 631.050762
1.0, 622.320927
1.0, 640.078781
1.0, 616.828494
1.0, 617.371412
1.0, 619.133639
1.0, 623.451564
1.0, 623.612608
1.0, 630.748615
1.0, 635.948196
1.0, 627.848137
1.0, 631.827119
1.0, 623.134989
1.0, 621.518618
1.0, 636.672854
1.0, 621.573381
1.0, 621.442244
1.0, 618.594553
1.0, 622.856454
1.0, 621.210952
1.0, 635.132125
1.0, 623.390791
1.0, 641.531675
1.0, 630.044609
1.0, 631.729578
1.0, 610.840226
1.0, 610.541411
1.0, 612.934411
1.0, 619.400660
1.0, 620.947009
1.0, 610.410906
1.0, 631.576912
1.0, 621.929211
1.0, 626.949642
1.0, 630.090444
1.0, 630.438207
1.0, 631.597640
1.0, 622.182965
1.0, 637.997963
1.0, 614.214757
1.0, 626.603892
1.0, 612.975052
1.0, 629.427236
1.0, 621.599528
1.0, 622.243699
1.0, 637.009255
1.0, 625.833156
1.0, 631.134778
1.0, 628.271582
1.0, 634.288625
1.0, 628.500724
1.0, 632.395837
1.0, 627.691328
1.0, 622.953437
1.0, 619.243996
1.0, 633.359580
1.0, 626.970835
1.0, 621.734174
1.0, 627.258405
1.0, 619.122131
1.0, 615.393115
1.0, 621.295743
1.0, 632.472440
1.0, 617.275529
1.0, 633.479876
1.0, 629.762180
1.0, 627.137466
1.0, 625.606577
1.0, 624.097255
1.0, 621.495008
1.0, 626.955308
1.0, 613.923302
1.0, 625.240449
1.0, 630.566585
1.0, 633.843701
1.0, 624.662106
1.0, 621.795676
1.0, 629.173547
1.0, 623.575882
1.0, 614.690982
1.0, 618.614066
1.0, 626.645104
1.0, 633.621035
1.0, 628.110495
1.0, 618.994578
1.0, 620.276027
1.0, 621.253222
1.0, 618.372892
1.0, 622.593482
1.0, 628.661019
1.0, 628.142765
1.0, 617.560072
1.0, 613.551626
1.0, 629.904554
1.0, 621.965252
1.0, 621.012066
1.0, 632.526310
1.0, 630.168708
1.0, 635.349683
1.0, 623.879653
1.0, 624.071062
1.0, 618.447405
1.0, 623.115810
1.0, 627.434740
1.0, 611.887799
1.0, 631.077821
1.0, 627.813840
1.0, 624.776493
1.0, 627.099413
1.0, 613.671956
1.0, 623.157101
1.0, 626.169895
1.0, 624.337018
1.0, 623.172993
1.0, 629.683740
1.0, 633.296923
1.0, 623.925810
1.0, 616.608069
1.0, 621.370947
1.0, 628.194787
1.0, 618.788181
1.0, 620.219374
1.0, 627.082542
1.0, 614.386087
1.0, 634.453709
1.0, 614.029007
1.0, 623.860286
1.0, 627.899414
1.0, 626.588056
1.0, 629.748076
1.0, 616.122515
1.0, 627.238271
1.0, 623.601616
1.0, 610.070667
1.0, 636.288685
1.0, 616.940927
1.0, 620.602999
1.0, 627.956871
1.0, 613.772716
1.0, 628.250836
1.0, 623.240408
1.0, 639.010995
1.0, 626.778521
1.0, 628.048018
1.0, 624.399557
1.0, 632.857858
1.0, 628.090550
1.0, 628.408635
1.0, 616.395094
1.0, 613.075007
1.0, 627.492110
1.0, 627.101776
1.0, 617.348731
1.0, 626.166467
1.0, 626.996207
1.0, 625.573044
1.0, 617.380853
1.0, 622.492034
1.0, 639.722904
1.0, 623.539868
1.0, 622.045986
1.0, 628.064210
1.0, 638.056315
1.0, 626.911484
1.0, 629.706249
1.0, 629.139534
1.0, 621.863757
1.0, 618.109395
1.0, 622.850457
1.0, 626.876887
1.0, 612.189900
1.0, 615.350065
1.0, 610.600748
1.0, 622.839266
1.0, 627.676353
1.0, 615.692333
1.0, 614.019418
1.0, 627.521354
1.0, 624.483737
1.0, 623.010311
1.0, 621.023506
1.0, 620.866295
1.0, 616.509147
1.0, 621.628673
1.0, 616.105526
1.0, 636.522521
1.0, 631.356919
1.0, 625.702537
1.0, 645.099012
1.0, 628.298950
1.0, 625.042562
1.0, 634.823891
1.0, 618.730124
1.0, 616.389515
1.0, 635.483626
1.0, 622.066833
1.0, 630.217223
1.0, 623.379493
1.0, 634.420875
1.0, 624.753811
1.0, 629.038718
1.0, 621.830557
1.0, 629.600440
1.0, 620.561241
1.0, 616.954413
1.0, 630.246959
1.0, 615.126512
1.0, 620.105179
1.0, 630.213028
1.0, 622.699573
1.0, 621.566570
1.0, 624.618926
1.0, 620.149638
1.0, 624.647940
1.0, 625.260779
1.0, 631.964910
1.0, 626.858285
1.0, 619.921337
1.0, 624.285011
1.0, 624.723182
1.0, 634.755796
1.0, 634.762067
1.0, 623.644364
1.0, 620.195578
1.0, 627.466188
1.0, 637.542583
1.0, 620.730002
1.0, 614.730823
1.0, 628.434577
1.0, 624.553958
1.0, 624.837125
1.0, 635.380069
1.0, 631.536889
1.0, 618.707437
1.0, 627.190428
1.0, 627.005924
1.0, 629.210854
1.0, 627.155116
1.0, 618.029204
1.0, 629.308107
1.0, 631.752752
1.0, 614.181668
1.0, 620.943581
1.0, 630.752003
1.0, 618.593379
1.0, 620.240791
1.0, 628.948485
1.0, 638.956331
1.0, 631.288922
1.0, 623.776549
1.0, 627.539605
1.0, 613.239374
1.0, 630.653498
1.0, 619.474758
1.0, 620.308359
1.0, 621.595422
1.0, 622.299817
1.0, 619.909118
1.0, 622.470894
1.0, 618.871231
1.0, 623.251231
1.0, 625.551500
1.0, 633.370123
1.0, 621.135507
1.0, 623.551157
1.0, 622.995890
1.0, 621.589337
1.0, 616.238259
1.0, 614.898248
1.0, 612.356656
1.0, 628.249120
1.0, 624.789295
1.0, 615.004540
1.0, 613.831660
1.0, 621.676668
1.0, 631.178470
1.0, 620.603156
1.0, 636.353999
1.0, 627.706770
1.0, 627.743852
1.0, 627.473247
1.0, 624.415560
1.0, 620.940490
1.0, 638.485959
1.0, 629.864288
1.0, 626.301079
1.0, 625.590551
1.0, 623.340384
1.0, 614.288966
1.0, 634.202707
1.0, 615.639289
1.0, 635.062950
1.0, 622.423407
1.0, 617.533850
1.0, 628.540334
1.0, 628.503229
1.0, 621.423702
1.0, 620.415490
1.0, 619.426660
1.0, 626.612374
1.0, 622.534331
1.0, 608.138936
1.0, 631.124151
1.0, 632.511022
1.0, 623.131437
1.0, 626.917628
1.0, 616.149154
1.0, 621.581664
1.0, 627.299962
1.0, 623.493146
1.0, 619.809316
1.0, 627.175937
1.0, 635.429937
1.0, 622.786837
1.0, 638.778284
1.0, 623.588563
1.0, 623.618289
1.0, 625.059942
1.0, 622.327150
1.0, 629.472286
1.0, 635.893649
1.0, 622.495278
1.0, 622.716367
1.0, 626.861651
1.0, 629.408064
1.0, 628.569675
1.0, 617.370730
1.0, 617.322777
1.0, 628.534125
1.0, 624.851331
1.0, 623.526684
1.0, 626.915988
1.0, 614.501953
1.0, 633.286339
1.0, 628.206299
1.0, 623.210147
1.0, 610.424611
1.0, 621.422407
1.0, 624.541536
1.0, 633.592749
1.0, 619.090646
1.0, 630.444737
1.0, 626.767929
1.0, 624.780939
1.0, 621.366928
1.0, 627.407340
1.0, 616.701051
1.0, 624.194802
1.0, 628.060024
1.0, 622.230261
1.0, 637.565261
1.0, 631.506547
1.0, 628.581109
1.0, 632.669612
1.0, 621.416493
1.0, 619.009798
1.0, 619.431627
1.0, 624.547492
1.0, 633.100622
1.0, 615.543479
1.0, 615.308649
1.0, 628.306498
1.0, 628.485048
1.0, 631.777714
1.0, 629.327125
1.0, 619.074342
1.0, 616.608644
1.0, 616.054491
1.0, 624.714706
1.0, 631.977119
1.0, 636.494169
1.0, 643.314794
1.0, 641.208556
1.0, 631.891411
1.0, 630.391888
1.0, 630.034569
1.0, 636.391876
1.0, 631.883604
1.0, 620.485045
1.0, 624.333894
1.0, 625.862586
1.0, 622.374534
1.0, 629.529917
1.0, 630.943478
1.0, 627.651143
1.0, 624.001575
1.0, 629.793933
1.0, 631.579408
1.0, 613.019569
1.0, 622.631689
1.0, 630.885098
1.0, 619.342408
1.0, 633.128774
1.0, 637.086616
1.0, 610.574657
1.0, 634.140292
1.0, 617.185517
1.0, 630.921920
1.0, 632.030976
1.0, 629.228179
1.0, 631.319844
1.0, 621.618746
1.0, 632.929095
1.0, 626.718869
1.0, 624.169043
1.0, 618.852468
1.0, 643.900980
1.0, 624.855202
1.0, 626.611077
1.0, 614.732542
1.0, 624.263532
1.0, 619.907632
1.0, 622.887682
1.0, 618.295666
1.0, 621.452516
1.0, 644.674414
1.0, 629.085791
1.0, 627.872873
1.0, 628.499337
1.0, 626.574088
1.0, 623.304829
1.0, 623.132859
1.0, 624.311199
1.0, 625.811064
1.0, 619.584324
1.0, 627.458384
1.0, 638.528845
1.0, 627.395300
1.0, 632.743560
1.0, 630.232378
1.0, 614.840380
1.0, 626.106652
1.0, 629.286491
1.0, 638.422527
1.0, 612.379372
1.0, 621.728388
1.0, 630.975673
1.0, 624.531422
1.0, 628.918355
1.0, 629.310182
1.0, 622.874213
1.0, 628.343104
1.0, 628.630969
1.0, 640.350387
1.0, 632.043050
1.0, 629.305203
1.0, 628.549934
1.0, 619.037246
1.0, 613.739488
1.0, 625.890423
1.0, 620.393832
1.0, 619.117598
1.0, 633.746630
1.0, 625.668446
1.0, 625.212990
1.0, 617.022767
1.0, 611.899128
1.0, 619.746326
1.0, 616.308511
1.0, 628.534783
1.0, 624.060849
1.0, 633.599418
1.0, 625.934870
1.0, 629.745731
1.0, 631.712903
1.0, 624.991510
1.0, 626.475428
1.0, 625.010884
1.0, 626.532142
1.0, 627.180981
1.0, 626.505447
1.0, 626.601124
1.0, 630.121312
1.0, 618.498842
1.0, 620.058230
1.0, 634.889907
1.0, 624.759845
1.0, 633.604015
1.0, 632.504172
1.0, 625.222904
1.0, 626.015021
1.0, 622.818736
1.0, 626.220225
1.0, 627.968245
1.0, 631.938462
1.0, 622.693307
1.0, 614.254502
1.0, 624.734819
1.0, 624.962708
1.0, 630.985827
1.0, 628.584982
1.0, 626.007236
1.0, 610.904594
1.0, 626.419116
1.0, 619.314478
1.0, 630.251610
1.0, 625.337573
1.0, 622.798793
1.0, 616.193671
1.0, 633.090262
1.0, 626.756101
1.0, 624.528611
1.0, 623.169112
1.0, 631.379735
1.0, 626.024121
1.0, 632.072128
1.0, 618.008396
1.0, 623.251370
1.0, 626.386252
1.0, 635.454859
1.0, 625.493130
1.0, 629.828824
1.0, 631.458829
1.0, 627.973659
1.0, 624.640691
1.0, 623.986088
1.0, 616.086392
1.0, 624.784883
1.0, 631.628248
1.0, 628.192727
1.0, 626.843701
1.0, 626.725647
1.0, 626.308257
1.0, 633.956488
1.0, 627.127144
1.0, 626.308704
1.0, 627.108777
1.0, 621.002933
1.0, 614.767183
1.0, 626.805664
1.0, 624.981645
1.0, 620.832600
1.0, 633.839189
1.0, 627.710574
1.0, 624.489788
1.0, 632.700131
1.0, 626.378743
1.0, 619.929005
1.0, 622.410291
1.0, 624.114008
1.0, 616.929214
1.0, 625.120541
1.0, 623.109062
1.0, 628.404017
1.0, 626.073641
1.0, 631.745580
1.0, 618.771792
1.0, 637.866447
1.0, 627.056415
1.0, 613.658272
1.0, 620.398471
1.0, 628.526245
1.0, 628.103782
1.0, 627.023694
1.0, 617.787649
1.0, 621.483170
1.0, 628.786879
1.0, 620.865008
1.0, 621.286593
1.0, 638.767254
1.0, 626.720231
1.0, 612.387763
1.0, 620.605032
1.0, 624.553725
1.0, 620.083294
1.0, 631.064117
1.0, 636.047405
1.0, 625.540258
1.0, 624.003577
1.0, 621.147608
1.0, 612.964043
1.0, 613.023853
1.0, 623.471974
1.0, 622.754003
1.0, 626.910495
1.0, 634.115194
1.0, 621.498421
1.0, 620.576611
1.0, 624.540938
1.0, 616.768212
1.0, 629.595607
1.0, 624.231885
1.0, 621.190774
1.0, 621.623115
1.0, 625.170950
1.0, 624.602384
1.0, 619.318491
1.0, 642.300108
1.0, 633.719556
1.0, 623.895941
1.0, 616.235067
1.0, 618.507371
1.0, 623.157903
1.0, 610.311871
1.0, 626.172515
1.0, 625.042678
1.0, 639.086237
1.0, 626.495822
1.0, 630.124182
1.0, 619.517234
1.0, 626.483743
1.0, 626.114967
1.0, 630.347310
1.0, 619.719982
1.0, 616.165310
1.0, 619.143974
1.0, 631.420260
1.0, 629.670472
1.0, 626.748908
1.0, 614.164906
1.0, 616.070465
1.0, 618.781627
1.0, 632.419045
1.0, 616.110013
1.0, 618.049812
1.0, 619.165193
1.0, 631.470677
1.0, 626.410938
1.0, 623.605465
1.0, 619.217588
1.0, 620.063617
1.0, 615.721667
1.0, 632.771871
1.0, 621.338056
1.0, 625.486914
1.0, 632.225928
1.0, 630.380404
1.0, 623.758656
1.0, 629.399650
1.0, 619.226093
1.0, 624.557950
1.0, 619.787674
1.0, 632.867275
1.0, 624.023233
1.0, 626.414242
1.0, 629.219560
1.0, 630.443786
1.0, 626.220993
1.0, 618.211304
1.0, 626.430121
1.0, 621.568596
1.0, 610.106156
1.0, 620.007007
1.0, 629.523905
1.0, 630.582312
1.0, 624.964136
1.0, 628.258475
1.0, 637.455087
1.0, 633.484833
1.0, 617.736842
1.0, 619.139404
1.0, 633.886104
1.0, 615.599420
1.0, 626.155229
1.0, 626.322131
1.0, 620.512803
1.0, 613.708753
1.0, 619.583388
1.0, 626.780158
1.0, 631.040987
1.0, 636.019631
1.0, 628.912134
1.0, 619.108675
1.0, 614.844435
1.0, 612.022614
1.0, 627.643697
1.0, 623.082582
1.0, 634.809521
1.0, 614.811027
1.0, 622.383533
1.0, 626.064890
1.0, 624.352415
1.0, 622.606272
1.0, 631.599226
1.0, 619.161400
1.0, 619.120484
1.0, 620.040140
1.0, 616.735059
1.0, 627.761115
1.0, 629.974002
1.0, 625.076863
1.0, 614.124929
1.0, 629.870462
1.0, 618.195902
1.0, 623.435176
1.0, 631.782735
1.0, 622.711628
1.0, 610.666663
1.0, 633.004768
1.0, 628.007044
1.0, 626.983445
1.0, 623.877706
1.0, 616.055720
1.0, 628.709247
1.0, 617.644401
1.0, 636.639486
1.0, 609.174873
